mid,user_name,user_link,verify_typ,weibo_link,publish_time,content,image_urls,video_preview_url,video_download_url,forward_num,comment_num,like_num,source,location_url,location_name,publish_location,origin_weibo_user_name,origin_weibo_content,origin_weibo_info
4824147278696623,贝壳财经,https://weibo.com/1646051850,蓝V认证,https://weibo.com/1646051850/Ma8bdAuo7,2022-10-13 16:30,#新冠后遗症可持续数周数月甚至更长时间#【吴尊友：#新冠后遗症覆盖范围广# 症状可持续数周、数月甚至更长时间】10月13日，在国务院联防联控机制新闻发布会上，中国疾控中心流行病学首席专家吴尊友表示，新冠后遗症又叫新冠长期症状，世界卫生组织在2021年10月份给出的临床定义，新冠后遗症通常发生在感染新冠发病后的3个月内，可以是急性感染康复后出现某些新症状，或者原先急性感染期某些症状持续存在，症状至少持续2个月，可以反复发生，并且无法由其他诊断来解释。根据全球研究结果，新冠后遗症覆盖范围较广的健康问题，包括乏力或疲倦、思维困难或不能集中精力、呼吸急促或困难、头痛、头晕、心跳加速、胸口疼痛、咳嗽、关节或肌肉疼痛、抑郁或焦虑、发热、嗅觉或味觉丧失等等。这些症状可以持续数周、数月甚至更长时间。新冠后遗症常见于重症病例，但也可以发生在轻症病例。接种过疫苗的人，感染新冠后患后遗症的风险要低于那些没有接种过疫苗的人。吴尊友表示，预防新冠后遗症最好的方法就是预防新冠病毒感染。（央视） L新京报经济新闻的微博视频,,https://video.weibo.com/show?fid=1034:4824165765808179,"https://f.video.weibocdn.com/u0/ijpPCH2Igx07ZXg2CnbW010412003eID0E010.mp4?label=mp4_720p&template=720x1280.24.0&ori=0&ps=1BVp4ysnknHVZu&Expires=1708161250&ssig=tz2txGzwi8&KID=unistore,video",196,119,1046,微博视频号,,,,,,{}
4824162378714894,七环视频,https://weibo.com/6066193547,蓝V认证,https://weibo.com/6066193547/Ma8zzAz8O,2022-10-13 17:30,【吴尊友：#新冠后遗症覆盖范围广#，症状可持续数周、数月甚至更长时间】10月13日，中国疾控中心流行病学首席专家吴尊友表示，新冠后遗症覆盖范围较广，症状可以持续数周、数月甚至更长时间，接种过疫苗的人感染新冠后患后遗症的风险更低。#要坚决整治层层加码#  O网页链接 L七环视频的微博视频,,https://video.weibo.com/show?fid=1034:4824155435237505,"https://f.video.weibocdn.com/o0/4eJg1EHLlx07ZXdeWi6k01041200eDwx0E010.mp4?label=mp4_720p&template=720x1280.24.0&ori=0&ps=1BVp4ysnknHVZu&Expires=1708161250&ssig=SfEQzjKfO5&KID=unistore,video",0,0,2,微博视频号,,,,,,{}
4824166219387291,贝壳财经视频,https://weibo.com/3268251003,蓝V认证,https://weibo.com/3268251003/Ma8FLDo3V,2022-10-13 17:45,【吴尊友：#新冠后遗症覆盖范围广# 症状可持续数周、数月甚至更长时间】10月13日，在国务院联防联控机制新闻发布会上，中国疾控中心流行病学首席专家吴尊友表示，新冠后遗症又叫新冠长期症状，世界卫生组织在2021年10月份给出的临床定义，新冠后遗症通常发生在感染新冠发病后的3个月内，可以是急性感染康复后出现某些新症状，或者原先急性感染期某些症状持续存在，症状至少持续2个月，可以反复发生，并且无法由其他诊断来解释。#新冠后遗症可持续数周数月甚至更长时间# L新京报经济新闻的微博视频,,https://video.weibo.com/show?fid=1034:4824165765808179,"https://f.video.weibocdn.com/u0/ijpPCH2Igx07ZXg2CnbW010412003eID0E010.mp4?label=mp4_720p&template=720x1280.24.0&ori=0&ps=1BVp4ysnknHVZu&Expires=1708161250&ssig=tz2txGzwi8&KID=unistore,video",9,2,88,微博视频号,,,,,,{}
4824166358321867,贝壳财经,https://weibo.com/1646051850,蓝V认证,https://weibo.com/1646051850/Ma8FZyUTF,2022-10-13 17:45,#新冠后遗症可持续数周数月甚至更长时间# 【吴尊友：新冠后遗症覆盖范围广 症状可持续数周、数月甚至更长时间】10月13日，在国务院联防联控机制新闻发布会上，中国疾控中心流行病学首席专家吴尊友表示，新冠后遗症又叫新冠长期症状，世界卫生组织在2021年10月份给出的临床定义，新冠后遗症通常发生在感染新冠发病后的3个月内，可以是急性感染康复后出现某些新症状，或者原先急性感染期某些症状持续存在，症状至少持续2个月，可以反复发生，并且无法由其他诊断来解释。（央视新闻） O吴尊友：新冠后遗症覆盖范围广 症状可持续数周、数月甚至更长时间,,,,8216,459,3526,微博 weibo.com,,,,,,{}
4824219370920035,宋汝界律师,https://weibo.com/1231828962,橙V认证,https://weibo.com/1231828962/Maa3v3Rlh,2022-10-13 21:16,请开放评论区，看看其他专家怎么说。转发原文：#新冠后遗症可持续数周数月甚至更长时间#【吴尊友：#新冠后遗症覆盖范围广# 症状可持续数周、数月甚至更长时间】10月13日，在国务院联防联控机制新闻发布会上，中国疾控中心流行病学首席专家吴尊友表示，新冠后遗症又叫新冠长期症状，世界卫生组织在2021年10月份给出的临床定义，新冠后遗症通常发生在   展开c,,https://video.weibo.com/show?fid=1034:4824165765808179,"https://f.video.weibocdn.com/u0/ijpPCH2Igx07ZXg2CnbW010412003eID0E010.mp4?label=mp4_720p&template=720x1280.24.0&ori=0&ps=1BVp4ysnknHVZu&Expires=1708161250&ssig=tz2txGzwi8&KID=unistore,video",7,0,26,三星Note10＋ 5G,,,,贝壳财经,#新冠后遗症可持续数周数月甚至更长时间#【吴尊友：#新冠后遗症覆盖范围广# 症状可持续数周、数月甚至更长时间】10月13日，在国务院联防联控机制新闻发布会上，中国疾控中心流行病学首席专家吴尊友表示，新冠后遗症又叫新冠长期症状，世界卫生组织在2021年10月份给出的临床定义，新冠后遗症通常发生在 ​  展开c,"{""origin_user_name"": ""贝壳财经"", ""origin_user_link"": ""https://weibo.com/u/1646051850"", ""origin_user_verify_typ"": ""蓝V认证"", ""origin_weibo_content"": ""#新冠后遗症可持续数周数月甚至更长时间#【吴尊友：#新冠后遗症覆盖范围广# 症状可持续数周、数月甚至更长时间】10月13日，在国务院联防联控机制新闻发布会上，中国疾控中心流行病学首席专家吴尊友表示，新冠后遗症又叫新冠长期症状，世界卫生组织在2021年10月份给出的临床定义，新冠后遗症通常发生在   展开c"", ""origin_weibo_link"": ""https://weibo.com//weibo.com/1646051850/Ma8bdAuo7?refer_flag=1001030103_"", ""origin_weibo_publish_time"": ""2022-10-13 16:30"", ""origin_source"": ""微博视频号"", ""origin_repost_cnt"": ""196"", ""origin_comment_cnt"": ""119"", ""origin_like_cnt"": ""1046"", ""origin_weibo_image_urls"": """"}"
4824228900115642,掌上遵义0852,https://weibo.com/5814097419,没有认证,https://weibo.com/5814097419/MaaiS0u5c,2022-10-13 21:54,【吴尊友：#新冠后遗症覆盖范围广# 症状可持续数周、数月甚至更长时间】10月13日，在国务院联防联控机制新闻发布会上，中国疾控中心流行病学首席专家吴尊友表示，新冠后遗症又叫新冠长期症状，世界卫生组织在2021年10月份给出的临床定义，新冠后遗症通常发生在感染新冠发病后的3个月内，可以是急性感染康复后出现某些新症状，或者原先急性感染期某些症状持续存在，症状至少持续2个月，可以反复发生，并且无法由其他诊断来解释。#新冠后遗症可持续数周数月甚至更长时间#根据全球研究结果，新冠后遗症覆盖范围较广的健康问题，包括乏力或疲倦、思维困难或不能集中精力、呼吸急促或困难、头痛、头晕、心跳加速、胸口疼痛、咳嗽、关节或肌肉疼痛、抑郁或焦虑、发热、嗅觉或味觉丧失等等。这些症状可以持续数周、数月甚至更长时间。新冠后遗症常见于重症病例，但也可以发生在轻症病例。接种过疫苗的人，感染新冠后患后遗症的风险要低于那些没有接种过疫苗的人。吴尊友表示，预防新冠后遗症最好的方法就是预防新冠病毒感染。（央视）,https://wx2.sinaimg.cn/large/006ltmkPgy1h7405cbx7bj30u022n4eg.jpg,,,0,1,1,,,,,,,{}
4824271362196730,情感语录lov,https://weibo.com/2787379444,黄V认证,https://weibo.com/2787379444/Mabpm9dt8,2022-10-14 00:43,#新冠后遗症覆盖范围广#谎言重复一千遍，也不会成为真理，但谎言如果重复一千遍而又不许别人戳穿，许多人就会把它当成真理。  支持专家，敢说真话,,,,1,0,9,Redmi K40,,,,,,{}
4824382943265706,疯狂大象,https://weibo.com/1762152361,橙V认证,https://weibo.com/1762152361/MaejkdHyG,2022-10-14 08:06,【吴尊友：#新冠后遗症覆盖范围广# 症状可持续数周、数月甚至更长时间】10月13日，在国务院联防联控机制新闻发布会上，中国疾控中心流行病学首席专家吴尊友表示，新冠后遗症又叫新冠长期症状，世界卫生组织在2021年10月份给出的临床定义，新冠后遗症通常发生在感染新冠发病后的3个月内，可以是急性感染康复后出现某些新症状，或者原先急性感染期某些症状持续存在，症状至少持续2个月，可以反复发生，并且无法由其他诊断来解释。#新冠后遗症可持续数周数月甚至更长时间# L新京报经济新闻的微博视频,,https://video.weibo.com/show?fid=1034:4824165765808179,"https://f.video.weibocdn.com/u0/ijpPCH2Igx07ZXg2CnbW010412003eID0E010.mp4?label=mp4_720p&template=720x1280.24.0&ori=0&ps=1BVp4ysnknHVZu&Expires=1708161249&ssig=IFdnfmkDHi&KID=unistore,video",0,0,1,微博视频号,,,,,,{}
4824387499328008,铜仁消防,https://weibo.com/3192193400,蓝V认证,https://weibo.com/3192193400/MaeqFD8DK,2022-10-14 08:24,【吴尊友：#新冠后遗症覆盖范围广# 症状可持续数周、数月甚至更长时间】10月13日，在国务院联防联控机制新闻发布会上，中国疾控中心流行病学首席专家吴尊友表示，新冠后遗症又叫新冠长期症状，世界卫生组织在2021年10月份给出的临床定义，新冠后遗症通常发生在感染新冠发病后的3个月内，可以是急性感染康复后出现某些新症状，或者原先急性感染期某些症状持续存在，症状至少持续2个月，可以反复发生，并且无法由其他诊断来解释。#新冠后遗症可持续数周数月甚至更长时间# L新京报经济新闻的微博视频,,https://video.weibo.com/show?fid=1034:4824165765808179,"https://f.video.weibocdn.com/u0/ijpPCH2Igx07ZXg2CnbW010412003eID0E010.mp4?label=mp4_720p&template=720x1280.24.0&ori=0&ps=1BVp4ysnknHVZu&Expires=1708161249&ssig=IFdnfmkDHi&KID=unistore,video",3,60,39,微博视频号,,,,,,{}
4824390241880380,周至法院,https://weibo.com/2575101417,蓝V认证,https://weibo.com/2575101417/Maev67TaI,2022-10-14 08:35,【吴尊友：#新冠后遗症覆盖范围广# 症状可持续数周、数月甚至更长时间】10月13日，在国务院联防联控机制新闻发布会上，中国疾控中心流行病学首席专家吴尊友表示，新冠后遗症又叫新冠长期症状，世界卫生组织在2021年10月份给出的临床定义，新冠后遗症通常发生在感染新冠发病后的3个月内，可以是急性感染康复后出现某些新症状，或者原先急性感染期某些症状持续存在，症状至少持续2个月，可以反复发生，并且无法由其他诊断来解释。#新冠后遗症可持续数周数月甚至更长时间# L新京报经济新闻的微博视频,,https://video.weibo.com/show?fid=1034:4824165765808179,"https://f.video.weibocdn.com/u0/ijpPCH2Igx07ZXg2CnbW010412003eID0E010.mp4?label=mp4_720p&template=720x1280.24.0&ori=0&ps=1BVp4ysnknHVZu&Expires=1708161249&ssig=IFdnfmkDHi&KID=unistore,video",0,4,6,微博视频号,,,,,,{}
4824391253231739,下午茶2599,https://weibo.com/2161876737,橙V认证,https://weibo.com/2161876737/MaewJdyIP,2022-10-14 08:39,10月13日，在国务院联防联控机制新闻发布会上，中国疾控中心流行病学首席专家吴尊友表示，#新冠后遗症#又叫新冠长期症状，世界卫生组织在2021年10月份给出的临床定义，新冠后遗症通常发生在感染新冠发病后的3个月内，可以是急性感染康复后出现某些新症状，或者原先急性感染期某些症状持续存在，症状至少持续2个月，可以反复发生，并且无法由其他诊断来解释。根据全球研究结果，#新冠后遗症覆盖范围广#，包括乏力或疲倦、思维困难或不能集中精力、呼吸急促或困难、头痛、头晕、心跳加速、胸口疼痛、咳嗽、关节或肌肉疼痛、抑郁或焦虑、发热、嗅觉或味觉丧失等等。#新冠后遗症可持续数周数月甚至更长时间#。新冠后遗症常见于重症病例，但也可以发生在轻症病例。接种过疫苗的人，感染新冠后患后遗症的风险要低于那些没有接种过疫苗的人。吴尊友表示，预防新冠后遗症最好的方法就是预防新冠病毒感染。,https://wx3.sinaimg.cn/large/80db9f01ly1h74isju95jj20u022ntoq.jpg,,,0,0,0,HUAWEI P50 Pro,,,,,,{}
4824393311587215,哈尔滨政法,https://weibo.com/7340786255,蓝V认证,https://weibo.com/7340786255/MaeA36EUf,2022-10-14 08:47,【吴尊友：#新冠后遗症覆盖范围广# 症状可持续数周、数月甚至更长时间】10月13日，在国务院联防联控机制新闻发布会上，中国疾控中心流行病学首席专家吴尊友表示，新冠后遗症又叫新冠长期症状，世界卫生组织在2021年10月份给出的临床定义，新冠后遗症通常发生在感染新冠发病后的3个月内，可以是急性感染康复后出现某些新症状，或者原先急性感染期某些症状持续存在，症状至少持续2个月，可以反复发生，并且无法由其他诊断来解释。#新冠后遗症可持续数周数月甚至更长时间# L新京报经济新闻的微博视频,,https://video.weibo.com/show?fid=1034:4824165765808179,"https://f.video.weibocdn.com/u0/ijpPCH2Igx07ZXg2CnbW010412003eID0E010.mp4?label=mp4_720p&template=720x1280.24.0&ori=0&ps=1BVp4ysnknHVZu&Expires=1708161249&ssig=IFdnfmkDHi&KID=unistore,video",0,0,0,微博视频号,,,,,,{}
4824394306421799,陇南徽县信访,https://weibo.com/3917906550,蓝V认证,https://weibo.com/3917906550/MaeBEqWBp,2022-10-14 08:51,【吴尊友：#新冠后遗症覆盖范围广# 症状可持续数周、数月甚至更长时间】10月13日，在国务院联防联控机制新闻发布会上，中国疾控中心流行病学首席专家吴尊友表示，新冠后遗症又叫新冠长期症状，世界卫生组织在2021年10月份给出的临床定义，新冠后遗症通常发生在感染新冠发病后的3个月内，可以是急性感染康复后出现某些新症状，或者原先急性感染期某些症状持续存在，症状至少持续2个月，可以反复发生，并且无法由其他诊断来解释。#新冠后遗症可持续数周数月甚至更长时间#L新京报经济新闻的微博视频,,https://video.weibo.com/show?fid=1034:4824165765808179,"https://f.video.weibocdn.com/u0/ijpPCH2Igx07ZXg2CnbW010412003eID0E010.mp4?label=mp4_720p&template=720x1280.24.0&ori=0&ps=1BVp4ysnknHVZu&Expires=1708161249&ssig=IFdnfmkDHi&KID=unistore,video",1,0,0,微博视频号,,,,,,{}
4824394495167336,宋中清主任律师,https://weibo.com/2726417763,橙V认证,https://weibo.com/2726417763/MaeBXlGg8,2022-10-14 08:52,肺炎/@新京报贝壳财经 【吴尊友：#新冠后遗症覆盖范围广# 症状可持续数周、数月甚至更长时间】10月13日，在国务院联防联控机制新闻发布会上，中国疾控中心流行病学首席专家吴尊友表示，新冠后遗症又叫新冠长期症状，世界卫生组织在2021年10月份给出的临床定义，#新冠后遗症#通常发生在感染新冠发病后的3个月内，可以是急性感染康复后出现某些新症状，或者原先急性感染期某些症状持续存在，症状至少持续2个月，可以反复发生，并且无法由其他诊断来解释。#新冠后遗症可持续数周数月甚至更长时间# L新京报经济新闻的微博视频,,https://video.weibo.com/show?fid=1034:4824165765808179,"https://f.video.weibocdn.com/u0/ijpPCH2Igx07ZXg2CnbW010412003eID0E010.mp4?label=mp4_720p&template=720x1280.24.0&ori=0&ps=1BVp4ysnknHVZu&Expires=1708161249&ssig=IFdnfmkDHi&KID=unistore,video",0,0,0,肺炎超话,,,,,,{}
4824394540515340,山伯熊,https://weibo.com/3917900933,没有认证,https://weibo.com/3917900933/MaeC22a3W,2022-10-14 08:52,#新冠后遗症覆盖范围广#拿着去年的数据又开始恐吓老百姓了！！,,,,0,0,18,iPhone客户端,,,,,,{}
4824394792961019,水亩年华,https://weibo.com/5260532427,蓝V认证,https://weibo.com/5260532427/MaeCrcqin,2022-10-14 08:53,#新冠后遗症覆盖范围广# 症状可持续数周、数月甚至更长时间🙏🙏🙏转发原文：#新冠后遗症可持续数周数月甚至更长时间# 【吴尊友：新冠后遗症覆盖范围广 症状可持续数周、数月甚至更长时间】10月13日，在国务院联防联控机制新闻发布会上，中国疾控中心流行病学首席专家吴尊友表示，新冠后遗症又叫新冠长期症状，世界卫生组织在2021年10月份给出的临床定义，新冠后遗症通常发生在感   展开c,,,,0,0,2,iPhone 12,,,,贝壳财经,#新冠后遗症可持续数周数月甚至更长时间# 【吴尊友：新冠后遗症覆盖范围广 症状可持续数周、数月甚至更长时间】10月13日，在国务院联防联控机制新闻发布会上，中国疾控中心流行病学首席专家吴尊友表示，新冠后遗症又叫新冠长期症状，世界卫生组织在2021年10月份给出的临床定义，新冠后遗症通常发生在感 ​  展开c,"{""origin_user_name"": ""贝壳财经"", ""origin_user_link"": ""https://weibo.com/u/1646051850"", ""origin_user_verify_typ"": ""蓝V认证"", ""origin_weibo_content"": ""#新冠后遗症可持续数周数月甚至更长时间# 【吴尊友：新冠后遗症覆盖范围广 症状可持续数周、数月甚至更长时间】10月13日，在国务院联防联控机制新闻发布会上，中国疾控中心流行病学首席专家吴尊友表示，新冠后遗症又叫新冠长期症状，世界卫生组织在2021年10月份给出的临床定义，新冠后遗症通常发生在感   展开c"", ""origin_weibo_link"": ""https://weibo.com//weibo.com/1646051850/Ma8FZyUTF?refer_flag=1001030103_"", ""origin_weibo_publish_time"": ""2022-10-13 17:45"", ""origin_source"": ""微博 weibo.com"", ""origin_repost_cnt"": ""8216"", ""origin_comment_cnt"": ""459"", ""origin_like_cnt"": ""3526"", ""origin_weibo_image_urls"": """"}"
4824395279500313,广西反邪教,https://weibo.com/5885640466,蓝V认证,https://weibo.com/5885640466/MaeDdDRsR,2022-10-14 08:55,【吴尊友：#新冠后遗症覆盖范围广# 症状可持续数周、数月甚至更长时间】10月13日，在国务院联防联控机制新闻发布会上，中国疾控中心流行病学首席专家吴尊友表示，新冠后遗症又叫新冠长期症状，世界卫生组织在2021年10月份给出的临床定义，新冠后遗症通常发生在感染新冠发病后的3个月内，可以是急性感染康复后出现某些新症状，或者原先急性感染期某些症状持续存在，症状至少持续2个月，可以反复发生，并且无法由其他诊断来解释。#新冠后遗症可持续数周数月甚至更长时间# L新京报经济新闻的微博视频,,https://video.weibo.com/show?fid=1034:4824165765808179,"https://f.video.weibocdn.com/u0/ijpPCH2Igx07ZXg2CnbW010412003eID0E010.mp4?label=mp4_720p&template=720x1280.24.0&ori=0&ps=1BVp4ysnknHVZu&Expires=1708161248&ssig=OvvFow8yYJ&KID=unistore,video",2,1,3,微博视频号,,,,,,{}
4824395233624286,昌邑融媒,https://weibo.com/7731268962,蓝V认证,https://weibo.com/7731268962/MaeD9fcQe,2022-10-14 08:55,【吴尊友：#新冠后遗症覆盖范围广# 症状可持续数周、数月甚至更长时间】10月13日，在国务院联防联控机制新闻发布会上，中国疾控中心流行病学首席专家吴尊友表示，新冠后遗症又叫新冠长期症状，世界卫生组织在2021年10月份给出的临床定义，新冠后遗症通常发生在感染新冠发病后的3个月内，可以是急性感染康复后出现某些新症状，或者原先急性感染期某些症状持续存在，症状至少持续2个月，可以反复发生，并且无法由其他诊断来解释。#新冠后遗症可持续数周数月甚至更长时间#L新京报经济新闻的微博视频,,https://video.weibo.com/show?fid=1034:4824165765808179,"https://f.video.weibocdn.com/u0/ijpPCH2Igx07ZXg2CnbW010412003eID0E010.mp4?label=mp4_720p&template=720x1280.24.0&ori=0&ps=1BVp4ysnknHVZu&Expires=1708161248&ssig=OvvFow8yYJ&KID=unistore,video",1,1,2,微博视频号,,,,,,{}
4824395153146897,网易财经,https://weibo.com/1974561081,蓝V认证,https://weibo.com/1974561081/MaeD1dcEp,2022-10-14 08:55,【吴尊友：#新冠后遗症覆盖范围广# 症状可持续数周、数月甚至更长时间】10月13日，在国务院联防联控机制新闻发布会上，中国疾控中心流行病学首席专家吴尊友表示，新冠后遗症又叫新冠长期症状，世界卫生组织在2021年10月份给出的临床定义，新冠后遗症通常发生在感染新冠发病后的3个月内，可以是急性感染康复后出现某些新症状，或者原先急性感染期某些症状持续存在，症状至少持续2个月，可以反复发生，并且无法由其他诊断来解释。#新冠后遗症可持续数周数月甚至更长时间# L新京报经济新闻的微博视频,,https://video.weibo.com/show?fid=1034:4824165765808179,"https://f.video.weibocdn.com/u0/ijpPCH2Igx07ZXg2CnbW010412003eID0E010.mp4?label=mp4_720p&template=720x1280.24.0&ori=0&ps=1BVp4ysnknHVZu&Expires=1708161248&ssig=OvvFow8yYJ&KID=unistore,video",6,46,246,微博视频号,,,,,,{}
4824395686874251,凔海之泪,https://weibo.com/7511148139,黄V认证,https://weibo.com/7511148139/MaeDSsQj1,2022-10-14 08:57,边关月吴尊友：#新冠后遗症覆盖范围广# 症状可持续数周、数月甚至更长时间！看来新冠的后遗症很严重的！不能轻视！#茂哥说事#,https://wx2.sinaimg.cn/large/008ck0KDgy1h74japnuanj30nu14s44d.jpg,,,0,0,3,边关月超话,,,,,,{}
4824395862510236,山西晋媒手机报运营方,https://weibo.com/7691092609,蓝V认证,https://weibo.com/7691092609/MaeEaax1G,2022-10-14 08:57,【吴尊友：#新冠后遗症覆盖范围广# 症状可持续数周、数月甚至更长时间】10月13日，在国务院联防联控机制新闻发布会上，中国疾控中心流行病学首席专家吴尊友表示，新冠后遗症又叫新冠长期症状，世界卫生组织在2021年10月份给出的临床定义，新冠后遗症通常发生在感染新冠发病后的3个月内，可以是急性感染康复后出现某些新症状，或者原先急性感染期某些症状持续存在，症状至少持续2个月，可以反复发生，并且无法由其他诊断来解释。#新冠后遗症可持续数周数月甚至更长时间# L新京报经济新闻的微博视频,,https://video.weibo.com/show?fid=1034:4824165765808179,"https://f.video.weibocdn.com/u0/ijpPCH2Igx07ZXg2CnbW010412003eID0E010.mp4?label=mp4_720p&template=720x1280.24.0&ori=0&ps=1BVp4ysnknHVZu&Expires=1708161248&ssig=OvvFow8yYJ&KID=unistore,video",0,0,0,微博视频号,,,,,,{}
4824396055188609,北海政法委,https://weibo.com/5521582982,蓝V认证,https://weibo.com/5521582982/MaeEtlLNf,2022-10-14 08:58,【吴尊友：#新冠后遗症覆盖范围广# 症状可持续数周、数月甚至更长时间】10月13日，在国务院联防联控机制新闻发布会上，中国疾控中心流行病学首席专家吴尊友表示，新冠后遗症又叫新冠长期症状，世界卫生组织在2021年10月份给出的临床定义，新冠后遗症通常发生在感染新冠发病后的3个月内，可以是急性感染康复后出现某些新症状，或者原先急性感染期某些症状持续存在，症状至少持续2个月，可以反复发生，并且无法由其他诊断来解释。#新冠后遗症可持续数周数月甚至更长时间#L新京报经济新闻的微博视频,,https://video.weibo.com/show?fid=1034:4824165765808179,"https://f.video.weibocdn.com/u0/ijpPCH2Igx07ZXg2CnbW010412003eID0E010.mp4?label=mp4_720p&template=720x1280.24.0&ori=0&ps=1BVp4ysnknHVZu&Expires=1708161248&ssig=OvvFow8yYJ&KID=unistore,video",0,1,1,微博视频号,,,,,,{}
4824396210635109,中国贸易报,https://weibo.com/1707450894,蓝V认证,https://weibo.com/1707450894/MaeEJ2FdH,2022-10-14 08:59,【吴尊友：#新冠后遗症覆盖范围广# 症状可持续数周、数月甚至更长时间】10月13日，在国务院联防联控机制新闻发布会上，中国疾控中心流行病学首席专家吴尊友表示，新冠后遗症又叫新冠长期症状，世界卫生组织在2021年10月份给出的临床定义，新冠后遗症通常发生在感染新冠发病后的3个月内，可以是急性感染康复后出现某些新症状，或者原先急性感染期某些症状持续存在，症状至少持续2个月，可以反复发生，并且无法由其他诊断来解释。#新冠后遗症可持续数周数月甚至更长时间# L新京报经济新闻的微博视频,,https://video.weibo.com/show?fid=1034:4824165765808179,"https://f.video.weibocdn.com/u0/ijpPCH2Igx07ZXg2CnbW010412003eID0E010.mp4?label=mp4_720p&template=720x1280.24.0&ori=0&ps=1BVp4ysnknHVZu&Expires=1708161248&ssig=OvvFow8yYJ&KID=unistore,video",0,2,1,微博视频号,,,,,,{}
4824396580258581,阿正悟道,https://weibo.com/2638656811,橙V认证,https://weibo.com/2638656811/MaeFk15gF,2022-10-14 09:00,#新冠后遗症可持续数周数月甚至更长时间#中国疾控中心流行病学首席专家吴尊友观点：#新冠后遗症覆盖范围广# 症状可持续数周、数月甚至更长时间。        在10月13日国务院联防联控机制新闻发布会上，吴尊友表示，新冠后遗症又叫新冠长期症状，世界卫生组织在2021年10月份给出的临床定义，新冠后遗症通常发生在感染新冠发病后的3个月内，可以是急性感染康复后出现某些新症状，或者原先急性感染期某些症状持续存在，症状至少持续2个月，可以反复发生，并且无法由其他诊断来解释。        疫情防控，任重道远，防止感染病毒，避免扩散，这才是为社会负责的一种态度。,,,,0,3,6,,,,,,,{}
4824397145179321,北京商报,https://weibo.com/1988645095,蓝V认证,https://weibo.com/1988645095/MaeGelJnr,2022-10-14 09:02,#新冠后遗症可持续数周数月甚至更长时间#【吴尊友：#新冠后遗症覆盖范围广# 症状可持续数周、数月甚至更长时间】10月13日，在国务院联防联控机制新闻发布会上，中国疾控中心流行病学首席专家吴尊友表示，新冠后遗症又叫新冠长期症状，世界卫生组织在2021年10月份给出的临床定义，新冠后遗症通常发生在感染新冠发病后的3个月内，可以是急性感染康复后出现某些新症状，或者原先急性感染期某些症状持续存在，症状至少持续2个月，可以反复发生，并且无法由其他诊断来解释。根据全球研究结果，新冠后遗症覆盖范围较广的健康问题，包括乏力或疲倦、思维困难或不能集中精力、呼吸急促或困难、头痛、头晕、心跳加速、胸口疼痛、咳嗽、关节或肌肉疼痛、抑郁或焦虑、发热、嗅觉或味觉丧失等等。这些症状可以持续数周、数月甚至更长时间。新冠后遗症常见于重症病例，但也可以发生在轻症病例。接种过疫苗的人，感染新冠后患后遗症的风险要低于那些没有接种过疫苗的人。吴尊友表示，预防新冠后遗症最好的方法就是预防新冠病毒感染。（央视）,https://wx3.sinaimg.cn/large/002aA9qTly1h74jgnk1xyj60u022nag802.jpg https://wx3.sinaimg.cn/large/002aA9qTly1h74jgntoogj60m80gn41n02.jpg,,,2,8,18,,,,,,,{}
4824397560680721,日照网,https://weibo.com/2603611447,蓝V认证,https://weibo.com/2603611447/MaeGU2R5n,2022-10-14 09:04,【吴尊友：#新冠后遗症覆盖范围广# 症状可持续数周、数月甚至更长时间】10月13日，在国务院联防联控机制新闻发布会上，中国疾控中心流行病学首席专家吴尊友表示，新冠后遗症又叫新冠长期症状，世界卫生组织在2021年10月份给出的临床定义，新冠后遗症通常发生在感染新冠发病后的3个月内，可以是急性感染康复后出现某些新症状，或者原先急性感染期某些症状持续存在，症状至少持续2个月，可以反复发生，并且无法由其他诊断来解释。#新冠后遗症可持续数周数月甚至更长时间# L新京报经济新闻的微博视频,,https://video.weibo.com/show?fid=1034:4824165765808179,"https://f.video.weibocdn.com/u0/ijpPCH2Igx07ZXg2CnbW010412003eID0E010.mp4?label=mp4_720p&template=720x1280.24.0&ori=0&ps=1BVp4ysnknHVZu&Expires=1708161246&ssig=QOEmLCopBZ&KID=unistore,video",1,1,2,iPhone客户端,,,,,,{}
4824397624381374,姆们说,https://weibo.com/2904113697,黄V认证,https://weibo.com/2904113697/MaeH0inNk,2022-10-14 09:04,#姆们说# 【吴尊友：#新冠后遗症覆盖范围广# 症状可持续数周、数月甚至更长时间】10月13日，在国务院联防联控机制新闻发布会上，中国疾控中心流行病学首席专家吴尊友表示，新冠后遗症又叫新冠长期症状，世界卫生组织在2021年10月份给出的临床定义，新冠后遗症通常发生在感染新冠发病后的3个月内，可以是急性感染康复后出现某些新症状，或者原先急性感染期某些症状持续存在，症状至少持续2个月，可以反复发生，并且无法由其他诊断来解释。#新冠后遗症可持续数周数月甚至更长时间# L新京报经济新闻的微博视频,,https://video.weibo.com/show?fid=1034:4824165765808179,"https://f.video.weibocdn.com/u0/ijpPCH2Igx07ZXg2CnbW010412003eID0E010.mp4?label=mp4_720p&template=720x1280.24.0&ori=0&ps=1BVp4ysnknHVZu&Expires=1708161246&ssig=QOEmLCopBZ&KID=unistore,video",1,3,1,微博视频号,,,,,,{}
4824397929513000,甘南检察,https://weibo.com/5644934300,蓝V认证,https://weibo.com/5644934300/MaeHuDULu,2022-10-14 09:06,【吴尊友：#新冠后遗症覆盖范围广# 症状可持续数周、数月甚至更长时间】10月13日，在国务院联防联控机制新闻发布会上，中国疾控中心流行病学首席专家吴尊友表示，新冠后遗症又叫新冠长期症状，世界卫生组织在2021年10月份给出的临床定义，新冠后遗症通常发生在感染新冠发病后的3个月内，可以是急性感染康复后出现某些新症状，或者原先急性感染期某些症状持续存在，症状至少持续2个月，可以反复发生，并且无法由其他诊断来解释。L新京报经济新闻的微博视频,,https://video.weibo.com/show?fid=1034:4824165765808179,"https://f.video.weibocdn.com/u0/ijpPCH2Igx07ZXg2CnbW010412003eID0E010.mp4?label=mp4_720p&template=720x1280.24.0&ori=0&ps=1BVp4ysnknHVZu&Expires=1708161246&ssig=QOEmLCopBZ&KID=unistore,video",0,3,2,微博视频号,,,,,,{}
4824398575437177,内科加全科执业医师七妹君雨,https://weibo.com/2233060075,黄V认证,https://weibo.com/2233060075/MaeIxmOsp,2022-10-14 09:08,#每日健康视频推荐##新冠后遗症可持续数周数月甚至更长时间#【吴尊友：#新冠后遗症覆盖范围广# 症状可持续数周、数月甚至更长时间】10月13日，在国务院联防联控机制新闻发布会上，中国疾控中心流行病学首席专家吴尊友表示，新冠后遗症又叫新冠长期症状，世界卫生组织在2021年10月份给出的临床定义，新冠后遗症通常发生在感染新冠发病后的3个月内，可以是急性感染康复后出现某些新症状，或者原先急性感染期某些症状持续存在，症状至少持续2个月，可以反复发生，并且无法由其他诊断来解释。来源:新京报贝壳财经L新京报经济新闻的微博视频,,https://video.weibo.com/show?fid=1034:4824165765808179,"https://f.video.weibocdn.com/u0/ijpPCH2Igx07ZXg2CnbW010412003eID0E010.mp4?label=mp4_720p&template=720x1280.24.0&ori=0&ps=1BVp4ysnknHVZu&Expires=1708161246&ssig=QOEmLCopBZ&KID=unistore,video",0,1,1,微博视频号,,,,,,{}
4824398572554560,叙州之窗,https://weibo.com/3585793804,蓝V认证,https://weibo.com/3585793804/MaeIxaIyA,2022-10-14 09:08,【吴尊友：#新冠后遗症覆盖范围广# 症状可持续数周、数月甚至更长时间】10月13日，在国务院联防联控机制新闻发布会上，中国疾控中心流行病学首席专家吴尊友表示，新冠后遗症又叫新冠长期症状，世界卫生组织在2021年10月份给出的临床定义，新冠后遗症通常发生在感染新冠发病后的3个月内，可以是急性感染康复后出现某些新症状，或者原先急性感染期某些症状持续存在，症状至少持续2个月，可以反复发生，并且无法由其他诊断来解释。#新冠后遗症可持续数周数月甚至更长时间# L新京报经济新闻的微博视频,,https://video.weibo.com/show?fid=1034:4824165765808179,"https://f.video.weibocdn.com/u0/ijpPCH2Igx07ZXg2CnbW010412003eID0E010.mp4?label=mp4_720p&template=720x1280.24.0&ori=0&ps=1BVp4ysnknHVZu&Expires=1708161246&ssig=QOEmLCopBZ&KID=unistore,video",1,0,0,微博视频号,,,,,,{}
4824398676102363,奇荒,https://weibo.com/1649380687,黄V认证,https://weibo.com/1649380687/MaeIHpBvd,2022-10-14 09:09,【吴尊友：#新冠后遗症覆盖范围广# 症状可持续数周、数月甚至更长时间】10月13日，在国务院联防联控机制新闻发布会上，中国疾控中心流行病学首席专家吴尊友表示，新冠后遗症又叫新冠长期症状，世界卫生组织在2021年10月份给出的临床定义，新冠后遗症通常发生在感染新冠发病后的3个月内，可以是急性感染康复后出现某些新症状，或者原先急性感染期某些症状持续存在，症状至少持续2个月，可以反复发生，并且无法由其他诊断来解释。#新冠后遗症可持续数周数月甚至更长时间#根据全球研究结果，新冠后遗症覆盖范围较广的健康问题，包括乏力或疲倦、思维困难或不能集中精力、呼吸急促或困难、头痛、头晕、心跳加速、胸口疼痛、咳嗽、关节或肌肉疼痛、抑郁或焦虑、发热、嗅觉或味觉丧失等等。这些症状可以持续数周、数月甚至更长时间。新冠后遗症常见于重症病例，但也可以发生在轻症病例。接种过疫苗的人，感染新冠后患后遗症的风险要低于那些没有接种过疫苗的人。吴尊友表示，预防新冠后遗症最好的方法就是预防新冠病毒感染。（央视）,,,,0,0,0,HUAWEI Mate 40E,,,,,,{}
4824398928544811,克总评车,https://weibo.com/1678844014,黄V认证,https://weibo.com/1678844014/MaeJ6zQTx,2022-10-14 09:10,#新冠后遗症覆盖范围广#说的对！估计是长期心理阴影影响❓,,,,0,1,4,iPhone 14 Pro Max(金色),,,,,,{}
4824399389396976,Yefly07947,https://weibo.com/7724787275,没有认证,https://weibo.com/7724787275/MaeJQDqA8,2022-10-14 09:11,#新冠后遗症覆盖范围广#bythisrlh#美食分享#,,,,0,0,0,荣耀70 5G,,,,,,{}
4824399355838760,如东政法,https://weibo.com/7205959835,蓝V认证,https://weibo.com/7205959835/MaeJNouVy,2022-10-14 09:11,【吴尊友：#新冠后遗症覆盖范围广# 症状可持续数周、数月甚至更长时间】10月13日，在国务院联防联控机制新闻发布会上，中国疾控中心流行病学首席专家吴尊友表示，新冠后遗症又叫新冠长期症状，世界卫生组织在2021年10月份给出的临床定义，新冠后遗症通常发生在感染新冠发病后的3个月内，可以是急性感染康复后出现某些新症状，或者原先急性感染期某些症状持续存在，症状至少持续2个月，可以反复发生，并且无法由其他诊断来解释。#新冠后遗症可持续数周数月甚至更长时间# L新京报经济新闻的微博视频,,https://video.weibo.com/show?fid=1034:4824165765808179,"https://f.video.weibocdn.com/u0/ijpPCH2Igx07ZXg2CnbW010412003eID0E010.mp4?label=mp4_720p&template=720x1280.24.0&ori=0&ps=1BVp4ysnknHVZu&Expires=1708161245&ssig=rdAupGGbmB&KID=unistore,video",2,7,10,iPhone客户端,,,,,,{}
4824399859944551,桂阳法院,https://weibo.com/3953646138,蓝V认证,https://weibo.com/3953646138/MaeKBFJ1Z,2022-10-14 09:13,【吴尊友：#新冠后遗症覆盖范围广# 症状可持续数周、数月甚至更长时间】10月13日，在国务院联防联控机制新闻发布会上，中国疾控中心流行病学首席专家吴尊友表示，新冠后遗症又叫新冠长期症状，世界卫生组织在2021年10月份给出的临床定义，新冠后遗症通常发生在感染新冠发病后的3个月内，可以是急性感染康复后出现某些新症状，或者原先急性感染期某些症状持续存在，症状至少持续2个月，可以反复发生，并且无法由其他诊断来解释。#新冠后遗症可持续数周数月甚至更长时间# L新京报经济新闻的微博视频,,https://video.weibo.com/show?fid=1034:4824165765808179,"https://f.video.weibocdn.com/u0/ijpPCH2Igx07ZXg2CnbW010412003eID0E010.mp4?label=mp4_720p&template=720x1280.24.0&ori=0&ps=1BVp4ysnknHVZu&Expires=1708161245&ssig=rdAupGGbmB&KID=unistore,video",0,2,2,iPhone客户端,,,,,,{}
4824400220128174,天空永远蔚蓝,https://weibo.com/1369270154,黄V认证,https://weibo.com/1369270154/MaeLc0xlk,2022-10-14 09:15,【吴尊友：#新冠后遗症覆盖范围广# 症状可持续数周、数月甚至更长时间】10月13日，在国务院联防联控机制新闻发布会上，中国疾控中心流行病学首席专家吴尊友表示，新冠后遗症又叫新冠长期症状，世界卫生组织在2021年10月份给出的临床定义，新冠后遗症通常发生在感染新冠发病后的3个月内，可以是急性感染康复后出现某些新症状，或者原先急性感染期某些症状持续存在，症状至少持续2个月，可以反复发生，并且无法由其他诊断来解释。#新冠后遗症可持续数周数月甚至更长时间# L新京报经济新闻的微博视频,,https://video.weibo.com/show?fid=1034:4824165765808179,"https://f.video.weibocdn.com/u0/ijpPCH2Igx07ZXg2CnbW010412003eID0E010.mp4?label=mp4_720p&template=720x1280.24.0&ori=0&ps=1BVp4ysnknHVZu&Expires=1708161245&ssig=rdAupGGbmB&KID=unistore,video",0,0,0,微博视频号,,,,,,{}
4824400236644798,Zero零度时空,https://weibo.com/5334301121,黄V认证,https://weibo.com/5334301121/MaeLdrSCa,2022-10-14 09:15,【吴尊友：#新冠后遗症覆盖范围广# 症状可持续数周、数月甚至更长时间】10月13日，在国务院联防联控机制新闻发布会上，中国疾控中心流行病学首席专家吴尊友表示，新冠后遗症又叫新冠长期症状，世界卫生组织在2021年10月份给出的临床定义，新冠后遗症通常发生在感染新冠发病后的3个月内，可以是急性感染康复后出现某些新症状，或者原先急性感染期某些症状持续存在，症状至少持续2个月，可以反复发生，并且无法由其他诊断来解释。#新冠后遗症可持续数周数月甚至更长时间# L新京报经济新闻的微博视频,,https://video.weibo.com/show?fid=1034:4824165765808179,"https://f.video.weibocdn.com/u0/ijpPCH2Igx07ZXg2CnbW010412003eID0E010.mp4?label=mp4_720p&template=720x1280.24.0&ori=0&ps=1BVp4ysnknHVZu&Expires=1708161245&ssig=rdAupGGbmB&KID=unistore,video",46,625,4908,iPhone客户端,,,,,,{}
4824400522904833,烟台日报社大小新闻,https://weibo.com/1657914910,蓝V认证,https://weibo.com/1657914910/MaeLGcbG9,2022-10-14 09:16,【吴尊友：#新冠后遗症覆盖范围广# 症状可持续数周、数月甚至更长时间】10月13日，在国务院联防联控机制新闻发布会上，中国疾控中心流行病学首席专家吴尊友表示，新冠后遗症又叫新冠长期症状，世界卫生组织在2021年10月份给出的临床定义，新冠后遗症通常发生在感染新冠发病后的3个月内，可以是急性感染康复后出现某些新症状，或者原先急性感染期某些症状持续存在，症状至少持续2个月，可以反复发生，并且无法由其他诊断来解释。#新冠后遗症可持续数周数月甚至更长时间# （新京报贝壳财经）,,,,0,0,5,HUAWEI P30,,,,,,{}
4824401079438008,烟雨楼百年孤独,https://weibo.com/1356658417,红V认证,https://weibo.com/1356658417/MaeMzDBfW,2022-10-14 09:18,【吴尊友：#新冠后遗症覆盖范围广# 症状可持续数周、数月甚至更长时间】10月13日，在国务院联防联控机制新闻发布会上，中国疾控中心流行病学首席专家吴尊友表示，新冠后遗症又叫新冠长期症状，世界卫生组织在2021年10月份给出的临床定义，新冠后遗症通常发生在感染新冠发病后的3个月内，可以是急性感染康复后出现某些新症状，或者原先急性感染期某些症状持续存在，症状至少持续2个月，可以反复发生，并且无法由其他诊断来解释。#新冠后遗症可持续数周数月甚至更长时间# L新京报经济新闻的微博视频,,https://video.weibo.com/show?fid=1034:4824165765808179,"https://f.video.weibocdn.com/u0/ijpPCH2Igx07ZXg2CnbW010412003eID0E010.mp4?label=mp4_720p&template=720x1280.24.0&ori=0&ps=1BVp4ysnknHVZu&Expires=1708161245&ssig=rdAupGGbmB&KID=unistore,video",1,1,2,微博视频号,,,,,,{}
4824401360453757,凤凰网山东,https://weibo.com/3194947380,蓝V认证,https://weibo.com/3194947380/MaeN21U2F,2022-10-14 09:19,【吴尊友：#新冠后遗症覆盖范围广# 症状可持续数周、数月甚至更长时间】10月13日，在国务院联防联控机制新闻发布会上，中国疾控中心流行病学首席专家吴尊友表示，新冠后遗症又叫新冠长期症状，世界卫生组织在2021年10月份给出的临床定义，新冠后遗症通常发生在感染新冠发病后的3个月内，可以是急性感染康复后出现某些新症状，或者原先急性感染期某些症状持续存在，症状至少持续2个月，可以反复发生，并且无法由其他诊断来解释。#新冠后遗症可持续数周数月甚至更长时间# L新京报经济新闻的微博视频,,https://video.weibo.com/show?fid=1034:4824165765808179,"https://f.video.weibocdn.com/u0/ijpPCH2Igx07ZXg2CnbW010412003eID0E010.mp4?label=mp4_720p&template=720x1280.24.0&ori=0&ps=1BVp4ysnknHVZu&Expires=1708161244&ssig=ceO%2B0HFk1d&KID=unistore,video",0,0,0,Android,,,,,,{}
4824401666903115,山西青年报,https://weibo.com/1789594967,蓝V认证,https://weibo.com/1789594967/MaeNwsXOz,2022-10-14 09:20,吴尊友：#新冠后遗症覆盖范围广# 症状可持续数周、数月甚至更长时间。#新冠后遗症可持续数周数月甚至更长时间# L新京报经济新闻的微博视频,,https://video.weibo.com/show?fid=1034:4824165765808179,"https://f.video.weibocdn.com/u0/ijpPCH2Igx07ZXg2CnbW010412003eID0E010.mp4?label=mp4_720p&template=720x1280.24.0&ori=0&ps=1BVp4ysnknHVZu&Expires=1708161244&ssig=ceO%2B0HFk1d&KID=unistore,video",0,3,4,微博视频号,,,,,,{}
4824402016077668,四川戒毒,https://weibo.com/6541056729,蓝V认证,https://weibo.com/6541056729/MaeO5pv4U,2022-10-14 09:22,【吴尊友：#新冠后遗症覆盖范围广# 症状可持续数周、数月甚至更长时间】10月13日，在国务院联防联控机制新闻发布会上，中国疾控中心流行病学首席专家吴尊友表示，新冠后遗症又叫新冠长期症状，世界卫生组织在2021年10月份给出的临床定义，新冠后遗症通常发生在感染新冠发病后的3个月内，可以是急性感染康复后出现某些新症状，或者原先急性感染期某些症状持续存在，症状至少持续2个月，可以反复发生，并且无法由其他诊断来解释。#新冠后遗症可持续数周数月甚至更长时间# L新京报经济新闻的微博视频,,https://video.weibo.com/show?fid=1034:4824165765808179,"https://f.video.weibocdn.com/u0/ijpPCH2Igx07ZXg2CnbW010412003eID0E010.mp4?label=mp4_720p&template=720x1280.24.0&ori=0&ps=1BVp4ysnknHVZu&Expires=1708161244&ssig=ceO%2B0HFk1d&KID=unistore,video",0,1,1,微博视频号,,,,,,{}
4824402606953273,平安商丘,https://weibo.com/2024872695,蓝V认证,https://weibo.com/2024872695/MaeP2taRz,2022-10-14 09:24,【吴尊友：#新冠后遗症覆盖范围广# 症状可持续数周、数月甚至更长时间】10月13日，在国务院联防联控机制新闻发布会上，中国疾控中心流行病学首席专家吴尊友表示，新冠后遗症又叫新冠长期症状，世界卫生组织在2021年10月份给出的临床定义，新冠后遗症通常发生在感染新冠发病后的3个月内，可以是急性感染康复后出现某些新症状，或者原先急性感染期某些症状持续存在，症状至少持续2个月，可以反复发生，并且无法由其他诊断来解释。#新冠后遗症可持续数周数月甚至更长时间# L新京报经济新闻的微博视频,,https://video.weibo.com/show?fid=1034:4824165765808179,"https://f.video.weibocdn.com/u0/ijpPCH2Igx07ZXg2CnbW010412003eID0E010.mp4?label=mp4_720p&template=720x1280.24.0&ori=0&ps=1BVp4ysnknHVZu&Expires=1708161244&ssig=ceO%2B0HFk1d&KID=unistore,video",4,0,2,微博视频号,,,,,,{}
4824402480338065,延长法院,https://weibo.com/2041483325,蓝V认证,https://weibo.com/2041483325/MaeOQ1pWF,2022-10-14 09:24,#新冠后遗症可持续数周数月甚至更长时间# 预防为主，防治结合~【吴尊友：#新冠后遗症覆盖范围广# 症状可持续数周、数月甚至更长时间】10月13日，在国务院联防联控机制新闻发布会上，中国疾控中心流行病学首席专家吴尊友表示，新冠后遗症又叫新冠长期症状，世界卫生组织在2021年10月份给出的临床定义，新冠后遗症通常发生在感染新冠发病后的3个月内，可以是急性感染康复后出现某些新症状，或者原先急性感染期某些症状持续存在，症状至少持续2个月，可以反复发生，并且无法由其他诊断来解释。 @延长法院 @新京报经济新闻  L新京报经济新闻的微博视频,,https://video.weibo.com/show?fid=1034:4824165765808179,"https://f.video.weibocdn.com/u0/ijpPCH2Igx07ZXg2CnbW010412003eID0E010.mp4?label=mp4_720p&template=720x1280.24.0&ori=0&ps=1BVp4ysnknHVZu&Expires=1708161244&ssig=ceO%2B0HFk1d&KID=unistore,video",1,18,6,微博视频号,,,,,,{}
4824402599084706,新都发布,https://weibo.com/1965683690,蓝V认证,https://weibo.com/1965683690/MaeP1C7lw,2022-10-14 09:24,【吴尊友：#新冠后遗症覆盖范围广# 症状可持续数周、数月甚至更长时间】10月13日，在国务院联防联控机制新闻发布会上，中国疾控中心流行病学首席专家吴尊友表示，新冠后遗症又叫新冠长期症状，世界卫生组织在2021年10月份给出的临床定义，新冠后遗症通常发生在感染新冠发病后的3个月内，可以是急性感染康复后出现某些新症状，或者原先急性感染期某些症状持续存在，症状至少持续2个月，可以反复发生，并且无法由其他诊断来解释。#新冠后遗症可持续数周数月甚至更长时间# L新京报经济新闻的微博视频,,https://video.weibo.com/show?fid=1034:4824165765808179,"https://f.video.weibocdn.com/u0/ijpPCH2Igx07ZXg2CnbW010412003eID0E010.mp4?label=mp4_720p&template=720x1280.24.0&ori=0&ps=1BVp4ysnknHVZu&Expires=1708161244&ssig=ceO%2B0HFk1d&KID=unistore,video",0,4,1,微博视频号,,,,,,{}
4824402703158492,上海反邪教,https://weibo.com/5094103156,蓝V认证,https://weibo.com/5094103156/MaePcdfFq,2022-10-14 09:25,【吴尊友：#新冠后遗症覆盖范围广# 症状可持续数周、数月甚至更长时间】10月13日，在国务院联防联控机制新闻发布会上，中国疾控中心流行病学首席专家吴尊友表示，新冠后遗症又叫新冠长期症状，世界卫生组织在2021年10月份给出的临床定义，新冠后遗症通常发生在感染新冠发病后的3个月内，可以是急性感染康复后出现某些新症状，或者原先急性感染期某些症状持续存在，症状至少持续2个月，可以反复发生，并且无法由其他诊断来解释。L新京报经济新闻的微博视频,,https://video.weibo.com/show?fid=1034:4824165765808179,"https://f.video.weibocdn.com/u0/ijpPCH2Igx07ZXg2CnbW010412003eID0E010.mp4?label=mp4_720p&template=720x1280.24.0&ori=0&ps=1BVp4ysnknHVZu&Expires=1708161244&ssig=ceO%2B0HFk1d&KID=unistore,video",4,3,5,微博视频号,,,,,,{}
4824402724129450,医阶学院,https://weibo.com/7588476550,没有认证,https://weibo.com/7588476550/MaePehkg2,2022-10-14 09:25,【吴尊友：#新冠后遗症覆盖范围广# 症状可持续数周、数月甚至更长时间】10月13日，在国务院联防联控机制新闻发布会上，中国疾控中心流行病学首席专家吴尊友表示，新冠后遗症又叫新冠长期症状，世界卫生组织在2021年10月份给出的临床定义，新冠后遗症通常发生在感染新冠发病后的3个月内，可以是急性感染康复后出现某些新症状，或者原先急性感染期某些症状持续存在，症状至少持续2个月，可以反复发生，并且无法由其他诊断来解释。#新冠后遗症可持续数周数月甚至更长时间#,https://wx3.sinaimg.cn/large/008hytp4ly1h74k3zxj4uj30u00u0481.jpg,,,1,0,1,微博网页版,,,,,,{}
4824402858347940,思想杂谈,https://weibo.com/1338667624,红V认证,https://weibo.com/1338667624/MaePrz1Gc,2022-10-14 09:25,【吴尊友：#新冠后遗症覆盖范围广# 症状可持续数周、数月甚至更长时间】10月13日，在国务院联防联控机制新闻发布会上，中国疾控中心流行病学首席专家吴尊友表示，新冠后遗症又叫新冠长期症状，世界卫生组织在2021年10月份给出的临床定义，新冠后遗症通常发生在感染新冠发病后的3个月内，可以是急性感染康复后出现某些新症状，或者原先急性感染期某些症状持续存在，症状至少持续2个月，可以反复发生，并且无法由其他诊断来解释。#新冠后遗症可持续数周数月甚至更长时间# L新京报经济新闻的微博视频,,https://video.weibo.com/show?fid=1034:4824165765808179,"https://f.video.weibocdn.com/u0/ijpPCH2Igx07ZXg2CnbW010412003eID0E010.mp4?label=mp4_720p&template=720x1280.24.0&ori=0&ps=1BVp4ysnknHVZu&Expires=1708161244&ssig=ceO%2B0HFk1d&KID=unistore,video",2,0,5,微博视频号,,,,,,{}
4824402992563558,医阶,https://weibo.com/7307360135,蓝V认证,https://weibo.com/7307360135/MaePFaKTI,2022-10-14 09:26,【吴尊友：#新冠后遗症覆盖范围广# 症状可持续数周、数月甚至更长时间】10月13日，在国务院联防联控机制新闻发布会上，中国疾控中心流行病学首席专家吴尊友表示，新冠后遗症又叫新冠长期症状，世界卫生组织在2021年10月份给出的临床定义，新冠后遗症通常发生在感染新冠发病后的3个月内，可以是急性感染康复后出现某些新症状，或者原先急性感染期某些症状持续存在，症状至少持续2个月，可以反复发生，并且无法由其他诊断来解释。#新冠后遗症可持续数周数月甚至更长时间#,https://wx3.sinaimg.cn/large/007YwWblly1h74k52hijij30u00u0k0t.jpg,,,0,0,0,微博网页版,,,,,,{}
4824403126782004,阳信融媒,https://weibo.com/2649732781,蓝V认证,https://weibo.com/2649732781/MaePSssja,2022-10-14 09:26,【吴尊友：#新冠后遗症覆盖范围广# 症状可持续数周、数月甚至更长时间】10月13日，在国务院联防联控机制新闻发布会上，中国疾控中心流行病学首席专家吴尊友表示，新冠后遗症又叫新冠长期症状，世界卫生组织在2021年10月份给出的临床定义，新冠后遗症通常发生在感染新冠发病后的3个月内，可以是急性感染康复后出现某些新症状，或者原先急性感染期某些症状持续存在，症状至少持续2个月，可以反复发生，并且无法由其他诊断来解释。#新冠后遗症可持续数周数月甚至更长时间#L新京报经济新闻的微博视频,,https://video.weibo.com/show?fid=1034:4824165765808179,"https://f.video.weibocdn.com/u0/ijpPCH2Igx07ZXg2CnbW010412003eID0E010.mp4?label=mp4_720p&template=720x1280.24.0&ori=0&ps=1BVp4ysnknHVZu&Expires=1708161243&ssig=eOMiXxFVGc&KID=unistore,video",0,0,1,微博视频号,,,,,,{}
4824403550669602,渭南市委政法委,https://weibo.com/3767371870,蓝V认证,https://weibo.com/3767371870/MaeQz2Oc2,2022-10-14 09:28,【吴尊友：#新冠后遗症覆盖范围广# 症状可持续数周、数月甚至更长时间】10月13日，在国务院联防联控机制新闻发布会上，中国疾控中心流行病学首席专家吴尊友表示，新冠后遗症又叫新冠长期症状，世界卫生组织在2021年10月份给出的临床定义，新冠后遗症通常发生在感染新冠发病后的3个月内，可以是急性感染康复后出现某些新症状，或者原先急性感染期某些症状持续存在，症状至少持续2个月，可以反复发生，并且无法由其他诊断来解释。#新冠后遗症可持续数周数月甚至更长时间# L新京报经济新闻的微博视频,,https://video.weibo.com/show?fid=1034:4824165765808179,"https://f.video.weibocdn.com/u0/ijpPCH2Igx07ZXg2CnbW010412003eID0E010.mp4?label=mp4_720p&template=720x1280.24.0&ori=0&ps=1BVp4ysnknHVZu&Expires=1708161243&ssig=eOMiXxFVGc&KID=unistore,video",0,2,0,微博视频号,,,,,,{}
4824403605196407,虎嗅APP,https://weibo.com/2357213493,蓝V认证,https://weibo.com/2357213493/MaeQElNP1,2022-10-14 09:28,【吴尊友：#新冠后遗症覆盖范围广# 症状可持续数周、数月甚至更长时间】10月13日，在国务院联防联控机制新闻发布会上，中国疾控中心流行病学首席专家吴尊友表示，新冠后遗症又叫新冠长期症状，世界卫生组织在2021年10月份给出的临床定义，新冠后遗症通常发生在感染新冠发病后的3个月内，可以是急性感染康复后出现某些新症状，或者原先急性感染期某些症状持续存在，症状至少持续2个月，可以反复发生，并且无法由其他诊断来解释。#新冠后遗症可持续数周数月甚至更长时间# @新京报经济新闻 L新京报经济新闻的微博视频,,https://video.weibo.com/show?fid=1034:4824165765808179,"https://f.video.weibocdn.com/u0/ijpPCH2Igx07ZXg2CnbW010412003eID0E010.mp4?label=mp4_720p&template=720x1280.24.0&ori=0&ps=1BVp4ysnknHVZu&Expires=1708161243&ssig=eOMiXxFVGc&KID=unistore,video",13,103,862,微博视频号,,,,,,{}
4824403604411935,无棣县融媒体中心,https://weibo.com/7205915083,蓝V认证,https://weibo.com/7205915083/MaeQEivKf,2022-10-14 09:28,【吴尊友：#新冠后遗症覆盖范围广# 症状可持续数周、数月甚至更长时间】10月13日，在国务院联防联控机制新闻发布会上，中国疾控中心流行病学首席专家吴尊友表示，新冠后遗症又叫新冠长期症状，世界卫生组织在2021年10月份给出的临床定义，新冠后遗症通常发生在感染新冠发病后的3个月内，可以是急性感染康复后出现某些新症状，或者原先急性感染期某些症状持续存在，症状至少持续2个月，可以反复发生，并且无法由其他诊断来解释。#新冠后遗症可持续数周数月甚至更长时间#L新京报经济新闻的微博视频,,https://video.weibo.com/show?fid=1034:4824165765808179,"https://f.video.weibocdn.com/u0/ijpPCH2Igx07ZXg2CnbW010412003eID0E010.mp4?label=mp4_720p&template=720x1280.24.0&ori=0&ps=1BVp4ysnknHVZu&Expires=1708161243&ssig=eOMiXxFVGc&KID=unistore,video",0,3,0,微博视频号,,,,,,{}
4824403919504673,十堰交警,https://weibo.com/1959997353,蓝V认证,https://weibo.com/1959997353/MaeR9DSBb,2022-10-14 09:29,【吴尊友：#新冠后遗症覆盖范围广# 症状可持续数周、数月甚至更长时间】10月13日，在国务院联防联控机制新闻发布会上，中国疾控中心流行病学首席专家吴尊友表示，新冠后遗症又叫新冠长期症状，世界卫生组织在2021年10月份给出的临床定义，新冠后遗症通常发生在感染新冠发病后的3个月内，可以是急性感染康复后出现某些新症状，或者原先急性感染期某些症状持续存在，症状至少持续2个月，可以反复发生，并且无法由其他诊断来解释。#新冠后遗症可持续数周数月甚至更长时间#L新京报经济新闻的微博视频,,https://video.weibo.com/show?fid=1034:4824165765808179,"https://f.video.weibocdn.com/u0/ijpPCH2Igx07ZXg2CnbW010412003eID0E010.mp4?label=mp4_720p&template=720x1280.24.0&ori=0&ps=1BVp4ysnknHVZu&Expires=1708161241&ssig=EhNl97AJFY&KID=unistore,video",1,0,0,微博视频号,,,,,,{}
4824403915837234,郴州中院,https://weibo.com/3776183674,蓝V认证,https://weibo.com/3776183674/MaeR9ouwW,2022-10-14 09:29,【吴尊友：#新冠后遗症覆盖范围广# 症状可持续数周、数月甚至更长时间】10月13日，在国务院联防联控机制新闻发布会上，中国疾控中心流行病学首席专家吴尊友表示，新冠后遗症又叫新冠长期症状，世界卫生组织在2021年10月份给出的临床定义，新冠后遗症通常发生在感染新冠发病后的3个月内，可以是急性感染康复后出现某些新症状，或者原先急性感染期某些症状持续存在，症状至少持续2个月，可以反复发生，并且无法由其他诊断来解释。#新冠后遗症可持续数周数月甚至更长时间# L新京报经济新闻的微博视频,,https://video.weibo.com/show?fid=1034:4824165765808179,"https://f.video.weibocdn.com/u0/ijpPCH2Igx07ZXg2CnbW010412003eID0E010.mp4?label=mp4_720p&template=720x1280.24.0&ori=0&ps=1BVp4ysnknHVZu&Expires=1708161243&ssig=eOMiXxFVGc&KID=unistore,video",0,1,2,微博视频号,,,,,,{}
4824403780568349,国际旅游岛商报,https://weibo.com/1708533224,蓝V认证,https://weibo.com/1708533224/MaeQW2nQV,2022-10-14 09:29,【吴尊友：#新冠后遗症覆盖范围广# 症状可持续数周、数月甚至更长时间】10月13日，在国务院联防联控机制新闻发布会上，中国疾控中心流行病学首席专家吴尊友表示，新冠后遗症又叫新冠长期症状，世界卫生组织在2021年10月份给出的临床定义，新冠后遗症通常发生在感染新冠发病后的3个月内，可以是急性感染康复后出现某些新症状，或者原先急性感染期某些症状持续存在，症状至少持续2个月，可以反复发生，并且无法由其他诊断来解释。#新冠后遗症可持续数周数月甚至更长时间#L新京报经济新闻的微博视频,,https://video.weibo.com/show?fid=1034:4824165765808179,"https://f.video.weibocdn.com/u0/ijpPCH2Igx07ZXg2CnbW010412003eID0E010.mp4?label=mp4_720p&template=720x1280.24.0&ori=0&ps=1BVp4ysnknHVZu&Expires=1708161243&ssig=eOMiXxFVGc&KID=unistore,video",2,0,0,微博视频号,,,,,,{}
4824404121619559,南部公安,https://weibo.com/5103370314,蓝V认证,https://weibo.com/5103370314/MaeRu6NjV,2022-10-14 09:30,【吴尊友：#新冠后遗症覆盖范围广# 症状可持续数周、数月甚至更长时间】10月13日，在国务院联防联控机制新闻发布会上，中国疾控中心流行病学首席专家吴尊友表示，新冠后遗症又叫新冠长期症状，世界卫生组织在2021年10月份给出的临床定义，新冠后遗症通常发生在感染新冠发病后的3个月内，可以是急性感染康复后出现某些新症状，或者原先急性感染期某些症状持续存在，症状至少持续2个月，可以反复发生，并且无法由其他诊断来解释。#新冠后遗症可持续数周数月甚至更长时间# L新京报经济新闻的微博视频,,https://video.weibo.com/show?fid=1034:4824165765808179,"https://f.video.weibocdn.com/u0/ijpPCH2Igx07ZXg2CnbW010412003eID0E010.mp4?label=mp4_720p&template=720x1280.24.0&ori=0&ps=1BVp4ysnknHVZu&Expires=1708161241&ssig=EhNl97AJFY&KID=unistore,video",0,1,5,微博视频号,,,,,,{}
4824404049003334,果布李-gzzz唯一的号-骗子莫挨我,https://weibo.com/2263042023,没有认证,https://weibo.com/2263042023/MaeRmBMb4,2022-10-14 09:30,#新冠后遗症覆盖范围广#又开始啦,,,,0,0,1,iPhone,,,,,,{}
4824403986614814,胡扯鸡蛋,https://weibo.com/1864856880,黄V认证,https://weibo.com/1864856880/MaeRgrKOy,2022-10-14 09:30,【吴尊友：#新冠后遗症覆盖范围广# 症状可持续数周、数月甚至更长时间】10月13日，在国务院联防联控机制新闻发布会上，中国疾控中心流行病学首席专家吴尊友表示，新冠后遗症又叫新冠长期症状，世界卫生组织在2021年10月份给出的临床定义，新冠后遗症通常发生在感染新冠发病后的3个月内，可以是急性感染康复后出现某些新症状，或者原先急性感染期某些症状持续存在，症状至少持续2个月，可以反复发生，并且无法由其他诊断来解释。L新京报经济新闻的微博视频,,https://video.weibo.com/show?fid=1034:4824165765808179,"https://f.video.weibocdn.com/u0/ijpPCH2Igx07ZXg2CnbW010412003eID0E010.mp4?label=mp4_720p&template=720x1280.24.0&ori=0&ps=1BVp4ysnknHVZu&Expires=1708161241&ssig=EhNl97AJFY&KID=unistore,video",0,0,0,微博视频号,,,,,,{}
4824404456112174,振东集团,https://weibo.com/2314641945,蓝V认证,https://weibo.com/2314641945/MaeS1pE3s,2022-10-14 09:31,#振东健康# 【吴尊友：#新冠后遗症覆盖范围广# 症状可持续数周、数月甚至更长时间】10月13日，在国务院联防联控机制新闻发布会上，中国疾控中心流行病学首席专家吴尊友表示，新冠后遗症又叫新冠长期症状，世界卫生组织在2021年10月份给出的临床定义，新冠后遗症通常发生在感染新冠发病后的3个月内，可以是急性感染康复后出现某些新症状，或者原先急性感染期某些症状持续存在，症状至少持续2个月，可以反复发生，并且无法由其他诊断来解释。#新冠后遗症可持续数周数月甚至更长时间#L新京报经济新闻的微博视频,,https://video.weibo.com/show?fid=1034:4824165765808179,"https://f.video.weibocdn.com/u0/ijpPCH2Igx07ZXg2CnbW010412003eID0E010.mp4?label=mp4_720p&template=720x1280.24.0&ori=0&ps=1BVp4ysnknHVZu&Expires=1708161241&ssig=EhNl97AJFY&KID=unistore,video",0,0,1,微博视频号,,,,,,{}
4824404687063646,大圣书斋,https://weibo.com/2341771593,黄V认证,https://weibo.com/2341771593/MaeSotDzM,2022-10-14 09:32,【吴尊友：#新冠后遗症覆盖范围广# 症状可持续数周、数月甚至更长时间】10月13日，在国务院联防联控机制新闻发布会上，中国疾控中心流行病学首席专家吴尊友表示，新冠后遗症又叫新冠长期症状，世界卫生组织在2021年10月份给出的临床定义，新冠后遗症通常发生在感染新冠发病后的3个月内，可以是急性感染康复后出现某些新症状，或者原先急性感染期某些症状持续存在，症状至少持续2个月，可以反复发生，并且无法由其他诊断来解释。#新冠后遗症可持续数周数月甚至更长时间# L新京报经济新闻的微博视频#微博vc计划# #微博新知博主##五个一百正能量##视野##民生##万象##热点##天下##社会热门#,,https://video.weibo.com/show?fid=1034:4824165765808179,"https://f.video.weibocdn.com/u0/ijpPCH2Igx07ZXg2CnbW010412003eID0E010.mp4?label=mp4_720p&template=720x1280.24.0&ori=0&ps=1BVp4ysnknHVZu&Expires=1708161241&ssig=EhNl97AJFY&KID=unistore,video",0,0,0,被偷的手机Android,,,,,,{}
4824405069269516,-GOTTISTTOT-,https://weibo.com/5800399794,没有认证,https://weibo.com/5800399794/MaeT0CTqk,2022-10-14 09:34,#新冠后遗症覆盖范围广# 既然有你说的那么严重，要不你给全国新冠患者发个残疾证，促进底层就业，公司不能压迫加班？我身心不舒服就是后遗症，不想上班也是后遗症，我请假也是因为新冠让我不舒服，因为是你说新冠后遗症严重的,,,,0,3,38,小城主妈咪HarmonyOS设备,,,,,,{}
4824405606401359,江赫医材,https://weibo.com/6862918117,没有认证,https://weibo.com/6862918117/MaeTSqRhJ,2022-10-14 09:36,【吴尊友：#新冠后遗症覆盖范围广# 症状可持续数周、数月甚至更长时间。预防新冠后遗症最好的方法就是预防新冠病毒感染。】,https://wx4.sinaimg.cn/large/007us6vHgy1h74kfsf0xkg30m80m8gyg.jpg,,,0,0,0,微博 weibo.com,,,,,,{}
4824405488437686,谷子益护,https://weibo.com/6614631594,没有认证,https://weibo.com/6614631594/MaeTGzp1I,2022-10-14 09:36,#新冠后遗症可持续数周数月甚至更长时间#【吴尊友：#新冠后遗症覆盖范围广# 症状可持续数周、数月甚至更长时间】新冠后遗症通常发生在感染新冠发病后的3个月内，可以是急性感染康复后出现某些新症状，或者原先急性感染期某些症状持续存在，症状至少持续2个月，可以反复发生，并且无法由其他诊断来解释。2郑州 @新京报贝壳财经,https://wx1.sinaimg.cn/large/007dEjQmly1h74kdt7f3ij30s61ki7jg.jpg,,,0,0,2,微博网页版,https://weibo.com/p/1001018008641010000000000,郑州,,,,{}
4824405970520947,岳阳公安警事,https://weibo.com/2113401774,蓝V认证,https://weibo.com/2113401774/MaeUt2bwn,2022-10-14 09:37,【吴尊友：#新冠后遗症覆盖范围广# 症状可持续数周、数月甚至更长时间】10月13日，在国务院联防联控机制新闻发布会上，中国疾控中心流行病学首席专家吴尊友表示，新冠后遗症又叫新冠长期症状，世界卫生组织在2021年10月份给出的临床定义，新冠后遗症通常发生在感染新冠发病后的3个月内，可以是急性感染康复后出现某些新症状，或者原先急性感染期某些症状持续存在，症状至少持续2个月，可以反复发生，并且无法由其他诊断来解释。#新冠后遗症可持续数周数月甚至更长时间# L岳阳公安警事的微博视频,,https://video.weibo.com/show?fid=1034:4824405717745720,"https://f.video.weibocdn.com/o0/QRDlEOi8lx07ZYjsR5C0010412002mof0E010.mp4?label=mp4_720p&template=720x1280.24.0&ori=0&ps=1BVp4ysnknHVZu&Expires=1708161240&ssig=6bTk771PUE&KID=unistore,video",0,0,0,微博视频号,,,,,,{}
4824405832370359,UnnamedLeaf,https://weibo.com/7211231173,没有认证,https://weibo.com/7211231173/MaeUf9WDB,2022-10-14 09:37,#新冠后遗症覆盖范围广#  舆论战输得一塌糊涂,,,,0,0,8,微博轻享版,,,,,,{}
4824405886897617,上海普陀,https://weibo.com/2665774271,蓝V认证,https://weibo.com/2665774271/MaeUksWnT,2022-10-14 09:37,#新冠后遗症可持续数周数月甚至更长时间#【吴尊友：#新冠后遗症覆盖范围广# 症状可持续数周、数月甚至更长时间】10月13日，在国务院联防联控机制新闻发布会上，中国疾控中心流行病学首席专家吴尊友表示，新冠后遗症又叫新冠长期症状，世界卫生组织在2021年10月份给出的临床定义，新冠后遗症通常发生在感染新冠发病后的3个月内，可以是急性感染康复后出现某些新症状，或者原先急性感染期某些症状持续存在，症状至少持续2个月，可以反复发生，并且无法由其他诊断来解释。 L新京报经济新闻的微博视频,,https://video.weibo.com/show?fid=1034:4824165765808179,"https://f.video.weibocdn.com/u0/ijpPCH2Igx07ZXg2CnbW010412003eID0E010.mp4?label=mp4_720p&template=720x1280.24.0&ori=0&ps=1BVp4ysnknHVZu&Expires=1708161240&ssig=cL8%2B2Kd7IZ&KID=unistore,video",0,1,0,微博视频号,,,,,,{}
4824406042349344,成华残联,https://weibo.com/3243469590,蓝V认证,https://weibo.com/3243469590/MaeUA9RaE,2022-10-14 09:38,#新冠后遗症可持续数周数月甚至更长时间#【吴尊友：#新冠后遗症覆盖范围广# 症状可持续数周、数月甚至更长时间】10月13日，在国务院联防联控机制新闻发布会上，中国疾控中心流行病学首席专家吴尊友表示，新冠后遗症又叫新冠长期症状，世界卫生组织在2021年10月份给出的临床定义，新冠后遗症通常发生在感染新冠发病后的3个月内，可以是急性感染康复后出现某些新症状，或者原先急性感染期某些症状持续存在，症状至少持续2个月，可以反复发生，并且无法由其他诊断来解释。 L新京报经济新闻的微博视频,,https://video.weibo.com/show?fid=1034:4824165765808179,"https://f.video.weibocdn.com/u0/ijpPCH2Igx07ZXg2CnbW010412003eID0E010.mp4?label=mp4_720p&template=720x1280.24.0&ori=0&ps=1BVp4ysnknHVZu&Expires=1708161240&ssig=cL8%2B2Kd7IZ&KID=unistore,video",0,1,1,Android,,,,,,{}
4824406713700472,闻旅,https://weibo.com/6624578025,蓝V认证,https://weibo.com/6624578025/MaeVFfwF2,2022-10-14 09:40,【吴尊友：#新冠后遗症覆盖范围广# 症状可持续数周、数月甚至更长时间】10月13日，在国务院联防联控机制新闻发布会上，中国疾控中心流行病学首席专家吴尊友表示，新冠后遗症又叫新冠长期症状，世界卫生组织在2021年10月份给出的临床定义，新冠后遗症通常发生在感染新冠发病后的3个月内，可以是急性感染康复后出现某些新症状，或者原先急性感染期某些症状持续存在，症状至少持续2个月，可以反复发生，并且无法由其他诊断来解释。#新冠后遗症可持续数周数月甚至更长时间# @新京报经济新闻 L新京报经济新闻的微博视频,,https://video.weibo.com/show?fid=1034:4824165765808179,"https://f.video.weibocdn.com/u0/ijpPCH2Igx07ZXg2CnbW010412003eID0E010.mp4?label=mp4_720p&template=720x1280.24.0&ori=0&ps=1BVp4ysnknHVZu&Expires=1708161240&ssig=cL8%2B2Kd7IZ&KID=unistore,video",0,0,0,微博视频号,,,,,,{}
4824407069953282,雨城警方,https://weibo.com/1927342024,蓝V认证,https://weibo.com/1927342024/MaeWeFLiO,2022-10-14 09:42,【吴尊友：#新冠后遗症覆盖范围广# 症状可持续数周、数月甚至更长时间】10月13日，在国务院联防联控机制新闻发布会上，中国疾控中心流行病学首席专家吴尊友表示，新冠后遗症又叫新冠长期症状，世界卫生组织在2021年10月份给出的临床定义，新冠后遗症通常发生在感染新冠发病后的3个月内，可以是急性感染康复后出现某些新症状，或者原先急性感染期某些症状持续存在，症状至少持续2个月，可以反复发生，并且无法由其他诊断来解释。#新冠后遗症可持续数周数月甚至更长时间# L新京报经济新闻的微博视频,,https://video.weibo.com/show?fid=1034:4824165765808179,"https://f.video.weibocdn.com/u0/ijpPCH2Igx07ZXg2CnbW010412003eID0E010.mp4?label=mp4_720p&template=720x1280.24.0&ori=0&ps=1BVp4ysnknHVZu&Expires=1708161240&ssig=cL8%2B2Kd7IZ&KID=unistore,video",0,0,0,微博视频号,,,,,,{}
4824408705470529,今天做了吗_,https://weibo.com/5774069847,没有认证,https://weibo.com/5774069847/MaeYSmX8l,2022-10-14 09:48,#新冠后遗症覆盖范围广#后遗症是穷是吧，那覆盖范围是挺广,,,,0,0,0,Redmi K30 Pro 真旗舰,,,,,,{}
4824409175229762,滇池旅游度假区,https://weibo.com/1553215662,蓝V认证,https://weibo.com/1553215662/MaeZDlWv0,2022-10-14 09:50,#小度科普频道# 【吴尊友：#新冠后遗症覆盖范围广# 症状可持续数周、数月甚至更长时间】10月13日，在国务院联防联控机制新闻发布会上，中国疾控中心流行病学首席专家吴尊友表示，新冠后遗症又叫新冠长期症状，世界卫生组织在2021年10月份给出的临床定义，新冠后遗症通常发生在感染新冠发病后的3个月内，可以是急性感染康复后出现某些新症状，或者原先急性感染期某些症状持续存在，症状至少持续2个月，可以反复发生，并且无法由其他诊断来解释。#新冠后遗症可持续数周数月甚至更长时间#（@新京报经济新闻 ） L新京报经济新闻的微博视频,,https://video.weibo.com/show?fid=1034:4824165765808179,"https://f.video.weibocdn.com/u0/ijpPCH2Igx07ZXg2CnbW010412003eID0E010.mp4?label=mp4_720p&template=720x1280.24.0&ori=0&ps=1BVp4ysnknHVZu&Expires=1708161239&ssig=iKr40%2FL63N&KID=unistore,video",0,0,2,微博视频号,,,,,,{}
4824411125320543,红星网络电视台传媒集团,https://weibo.com/2505277242,蓝V认证,https://weibo.com/2505277242/Maf2Mmk7d,2022-10-14 09:58,#新冠后遗症可持续数周数月甚至更长时间#【吴尊友：#新冠后遗症覆盖范围广# 症状可持续数周、数月甚至更长时间】10月13日，在国务院联防联控机制新闻发布会上，中国疾控中心流行病学首席专家吴尊友表示，新冠后遗症又叫新冠长期症状，世界卫生组织在2021年10月份给出的临床定义，新冠后遗症通常发生在感染新冠发病后的3个月内，可以是急性感染康复后出现某些新症状，或者原先急性感染期某些症状持续存在，症状至少持续2个月，可以反复发生，并且无法由其他诊断来解释。 L红星网络电视台的微博视频,,https://video.weibo.com/show?fid=1034:4824410981597197,"https://f.video.weibocdn.com/o0/LFTenwhqlx07ZYkSa9wc010412002Fuh0E010.mp4?label=mp4_720p&template=720x1280.24.0&ori=0&ps=1BVp4ysnknHVZu&Expires=1708161239&ssig=FxNmZMKYyV&KID=unistore,video",5,75,628,微博视频号,,,,,,{}
4824411188494955,贺州反邪,https://weibo.com/1130284522,蓝V认证,https://weibo.com/1130284522/Maf2SzDVp,2022-10-14 09:58,【吴尊友：#新冠后遗症覆盖范围广# 症状可持续数周、数月甚至更长时间】转发原文：【吴尊友：#新冠后遗症覆盖范围广# 症状可持续数周、数月甚至更长时间】10月13日，在国务院联防联控机制新闻发布会上，中国疾控中心流行病学首席专家吴尊友表示，新冠后遗症又叫新冠长期症状，世界卫生组织在2021年10月份给出的临床定义，新冠后遗症通常发生在感染新冠发病后的3个月内，可以是急性感染   展开c,,https://video.weibo.com/show?fid=1034:4824165765808179,"https://f.video.weibocdn.com/u0/ijpPCH2Igx07ZXg2CnbW010412003eID0E010.mp4?label=mp4_720p&template=720x1280.24.0&ori=0&ps=1BVp4ysnknHVZu&Expires=1708161239&ssig=iKr40%2FL63N&KID=unistore,video",0,0,0,搜狗高速浏览器,,,,广西反邪教,【吴尊友：#新冠后遗症覆盖范围广# 症状可持续数周、数月甚至更长时间】10月13日，在国务院联防联控机制新闻发布会上，中国疾控中心流行病学首席专家吴尊友表示，新冠后遗症又叫新冠长期症状，世界卫生组织在2021年10月份给出的临床定义，新冠后遗症通常发生在感染新冠发病后的3个月内，可以是急性感染 ​  展开c,"{""origin_user_name"": ""广西反邪教"", ""origin_user_link"": ""https://weibo.com/u/5885640466"", ""origin_user_verify_typ"": ""蓝V认证"", ""origin_weibo_content"": ""【吴尊友：#新冠后遗症覆盖范围广# 症状可持续数周、数月甚至更长时间】10月13日，在国务院联防联控机制新闻发布会上，中国疾控中心流行病学首席专家吴尊友表示，新冠后遗症又叫新冠长期症状，世界卫生组织在2021年10月份给出的临床定义，新冠后遗症通常发生在感染新冠发病后的3个月内，可以是急性感染   展开c"", ""origin_weibo_link"": ""https://weibo.com//weibo.com/5885640466/MaeDdDRsR?refer_flag=1001030103_"", ""origin_weibo_publish_time"": ""2022-10-14 08:55"", ""origin_source"": ""微博视频号"", ""origin_repost_cnt"": ""2"", ""origin_comment_cnt"": ""1"", ""origin_like_cnt"": ""3"", ""origin_weibo_image_urls"": """"}"
4824411520373039,中国经营报,https://weibo.com/1650111241,蓝V认证,https://weibo.com/1650111241/Maf3q1z2L,2022-10-14 10:00,【吴尊友：#新冠后遗症覆盖范围广# 症状可持续数周、数月甚至更长时间】10月13日，在国务院联防联控机制新闻发布会上，中国疾控中心流行病学首席专家吴尊友表示，新冠后遗症又叫新冠长期症状，世界卫生组织在2021年10月份给出的临床定义，新冠后遗症通常发生在感染新冠发病后的3个月内，可以是急性感染康复后出现某些新症状，或者原先急性感染期某些症状持续存在，症状至少持续2个月，可以反复发生，并且无法由其他诊断来解释。#新冠后遗症可持续数周数月甚至更长时间# L新京报经济新闻的微博视频,,https://video.weibo.com/show?fid=1034:4824165765808179,"https://f.video.weibocdn.com/u0/ijpPCH2Igx07ZXg2CnbW010412003eID0E010.mp4?label=mp4_720p&template=720x1280.24.0&ori=0&ps=1BVp4ysnknHVZu&Expires=1708161239&ssig=iKr40%2FL63N&KID=unistore,video",2,0,4,微博视频号,,,,,,{}
4824412099184637,陇南招商,https://weibo.com/3977467513,蓝V认证,https://weibo.com/3977467513/Maf4lCxlj,2022-10-14 10:02,【吴尊友：#新冠后遗症覆盖范围广# 症状可持续数周、数月甚至更长时间】10月13日，在国务院联防联控机制新闻发布会上，中国疾控中心流行病学首席专家吴尊友表示，新冠后遗症又叫新冠长期症状，世界卫生组织在2021年10月份给出的临床定义，新冠后遗症通常发生在感染新冠发病后的3个月内，可以是急性感染康复后出现某些新症状，或者原先急性感染期某些症状持续存在，症状至少持续2个月，可以反复发生，并且无法由其他诊断来解释。#新冠后遗症可持续数周数月甚至更长时间# L新京报经济新闻的微博视频,,https://video.weibo.com/show?fid=1034:4824165765808179,"https://f.video.weibocdn.com/u0/ijpPCH2Igx07ZXg2CnbW010412003eID0E010.mp4?label=mp4_720p&template=720x1280.24.0&ori=0&ps=1BVp4ysnknHVZu&Expires=1708161239&ssig=iKr40%2FL63N&KID=unistore,video",0,0,0,微博视频号,,,,,,{}
4824413776382566,铜陵公安在线,https://weibo.com/1942357207,蓝V认证,https://weibo.com/1942357207/Maf73qMoC,2022-10-14 10:09,【吴尊友：#新冠后遗症覆盖范围广# 症状可持续数周、数月甚至更长时间】10月13日，在国务院联防联控机制新闻发布会上，中国疾控中心流行病学首席专家吴尊友表示，新冠后遗症又叫新冠长期症状，世界卫生组织在2021年10月份给出的临床定义，新冠后遗症通常发生在感染新冠发病后的3个月内，可以是急性感染康复后出现某些新症状，或者原先急性感染期某些症状持续存在，症状至少持续2个月，可以反复发生，并且无法由其他诊断来解释。#新冠后遗症可持续数周数月甚至更长时间# L新京报经济新闻的微博视频,,https://video.weibo.com/show?fid=1034:4824165765808179,"https://f.video.weibocdn.com/u0/ijpPCH2Igx07ZXg2CnbW010412003eID0E010.mp4?label=mp4_720p&template=720x1280.24.0&ori=0&ps=1BVp4ysnknHVZu&Expires=1708161239&ssig=iKr40%2FL63N&KID=unistore,video",19,18,13,微博视频号,,,,,,{}
4824416200428646,蓬安公安,https://weibo.com/5058856402,蓝V认证,https://weibo.com/5058856402/MafaY1NvE,2022-10-14 10:18,【吴尊友：#新冠后遗症覆盖范围广# 症状可持续数周、数月甚至更长时间】10月13日，在国务院联防联控机制新闻发布会上，中国疾控中心流行病学首席专家吴尊友表示，新冠后遗症又叫新冠长期症状，世界卫生组织在2021年10月份给出的临床定义，新冠后遗症通常发生在感染新冠发病后的3个月内，可以是急性感染康复后出现某些新症状，或者原先急性感染期某些症状持续存在，症状至少持续2个月，可以反复发生，并且无法由其他诊断来解释。#新冠后遗症可持续数周数月甚至更长时间# L新京报经济新闻的微博视频,,https://video.weibo.com/show?fid=1034:4824165765808179,"https://f.video.weibocdn.com/u0/ijpPCH2Igx07ZXg2CnbW010412003eID0E010.mp4?label=mp4_720p&template=720x1280.24.0&ori=0&ps=1BVp4ysnknHVZu&Expires=1708161239&ssig=iKr40%2FL63N&KID=unistore,video",0,2,0,微博视频号,,,,,,{}
4824417974361215,毕节政法,https://weibo.com/7214110652,蓝V认证,https://weibo.com/7214110652/MafdPiiyb,2022-10-14 10:25,【吴尊友：#新冠后遗症覆盖范围广# 症状可持续数周、数月甚至更长时间】10月13日，在国务院联防联控机制新闻发布会上，中国疾控中心流行病学首席专家吴尊友表示，新冠后遗症又叫新冠长期症状，世界卫生组织在2021年10月份给出的临床定义，新冠后遗症通常发生在感染新冠发病后的3个月内，可以是急性感染康复后出现某些新症状，或者原先急性感染期某些症状持续存在，症状至少持续2个月，可以反复发生，并且无法由其他诊断来解释。#新冠后遗症可持续数周数月甚至更长时间# L新京报经济新闻的微博视频,,https://video.weibo.com/show?fid=1034:4824165765808179,"https://f.video.weibocdn.com/u0/ijpPCH2Igx07ZXg2CnbW010412003eID0E010.mp4?label=mp4_720p&template=720x1280.24.0&ori=0&ps=1BVp4ysnknHVZu&Expires=1708161239&ssig=iKr40%2FL63N&KID=unistore,video",1,0,0,iPhone客户端,,,,,,{}
4824420076749515,苏州发布,https://weibo.com/2998045524,蓝V认证,https://weibo.com/2998045524/MafhdsjR9,2022-10-14 10:34,【吴尊友：#新冠后遗症覆盖范围广# 症状可持续数周、数月甚至更长时间】10月13日，在国务院联防联控机制新闻发布会上，中国疾控中心流行病学首席专家吴尊友表示，新冠后遗症又叫新冠长期症状，世界卫生组织在2021年10月份给出的临床定义，新冠后遗症通常发生在感染新冠发病后的3个月内，可以是急性感染康复后出现某些新症状，或者原先急性感染期某些症状持续存在，症状至少持续2个月，可以反复发生，并且无法由其他诊断来解释。#新冠后遗症可持续数周数月甚至更长时间# L新京报经济新闻的微博视频,,https://video.weibo.com/show?fid=1034:4824165765808179,"https://f.video.weibocdn.com/u0/ijpPCH2Igx07ZXg2CnbW010412003eID0E010.mp4?label=mp4_720p&template=720x1280.24.0&ori=0&ps=1BVp4ysnknHVZu&Expires=1708161239&ssig=iKr40%2FL63N&KID=unistore,video",2,17,9,微博视频号,,,,,,{}
4824421585392020,网易科技频道,https://weibo.com/1905687615,蓝V认证,https://weibo.com/1905687615/MafjEmCI4,2022-10-14 10:40,【吴尊友：#新冠后遗症覆盖范围广# 症状可持续数周、数月甚至更长时间】10月13日，在国务院联防联控机制新闻发布会上，中国疾控中心流行病学首席专家吴尊友表示，新冠后遗症又叫新冠长期症状，世界卫生组织在2021年10月份给出的临床定义，新冠后遗症通常发生在感染新冠发病后的3个月内，可以是急性感染康复后出现某些新症状，或者原先急性感染期某些症状持续存在，症状至少持续2个月，可以反复发生，并且无法由其他诊断来解释。#新冠后遗症可持续数周数月甚至更长时间#L新京报经济新闻的微博视频,,https://video.weibo.com/show?fid=1034:4824165765808179,"https://f.video.weibocdn.com/u0/ijpPCH2Igx07ZXg2CnbW010412003eID0E010.mp4?label=mp4_720p&template=720x1280.24.0&ori=0&ps=1BVp4ysnknHVZu&Expires=1708161239&ssig=iKr40%2FL63N&KID=unistore,video",0,0,0,微博视频号,,,,,,{}
4824422760843481,昆明五华发布,https://weibo.com/3840902209,蓝V认证,https://weibo.com/3840902209/Mafly3xqx,2022-10-14 10:44,【吴尊友：#新冠后遗症覆盖范围广# 症状可持续数周、数月甚至更长时间】10月13日，在国务院联防联控机制新闻发布会上，中国疾控中心流行病学首席专家吴尊友表示，新冠后遗症又叫新冠长期症状，世界卫生组织在2021年10月份给出的临床定义，新冠后遗症通常发生在感染新冠发病后的3个月内，可以是急性感染康复后出现某些新症状，或者原先急性感染期某些症状持续存在，症状至少持续2个月，可以反复发生，并且无法由其他诊断来解释。#新冠后遗症可持续数周数月甚至更长时间# （新京报经济新闻）L新京报经济新闻的微博视频,,https://video.weibo.com/show?fid=1034:4824165765808179,"https://f.video.weibocdn.com/u0/ijpPCH2Igx07ZXg2CnbW010412003eID0E010.mp4?label=mp4_720p&template=720x1280.24.0&ori=0&ps=1BVp4ysnknHVZu&Expires=1708161237&ssig=XP%2FkFm5hNr&KID=unistore,video",0,0,1,微博视频号,,,,,,{}
4824423280153756,小野的小幸运,https://weibo.com/5633894456,没有认证,https://weibo.com/5633894456/Mafmo0DZW,2022-10-14 10:46,阿克苏 吴尊友：#新冠后遗症覆盖范围广# 症状可持续数周、数月甚至更长时间,,,,0,0,1,阿克苏超话,,,,,,{}
4824430385825010,贵港反邪,https://weibo.com/5934477092,蓝V认证,https://weibo.com/5934477092/MafxQorlM,2022-10-14 11:15,【吴尊友：#新冠后遗症覆盖范围广# 症状可持续数周、数月甚至更长时间】10月13日，在国务院联防联控机制新闻发布会上，中国疾控中心流行病学首席专家吴尊友表示，新冠后遗症又叫新冠长期症状，世界卫生组织在2021年10月份给出的临床定义，新冠后遗症通常发生在感染新冠发病后的3个月内，可以是急性感染康复后出现某些新症状，或者原先急性感染期某些症状持续存在，症状至少持续2个月，可以反复发生，并且无法由其他诊断来解释。#新冠后遗症可持续数周数月甚至更长时间# L新京报经济新闻的微博视频,,https://video.weibo.com/show?fid=1034:4824165765808179,"https://f.video.weibocdn.com/u0/ijpPCH2Igx07ZXg2CnbW010412003eID0E010.mp4?label=mp4_720p&template=720x1280.24.0&ori=0&ps=1BVp4ysnknHVZu&Expires=1708161237&ssig=XP%2FkFm5hNr&KID=unistore,video",1,0,0,微博视频号,,,,,,{}
4824433833545896,乡野经典中医,https://weibo.com/1803457264,黄V认证,https://weibo.com/1803457264/MafDpeSrS,2022-10-14 11:28,#新冠后遗症覆盖范围广#这些新闻的评论都关了 ，想必都明白咋回事啦！,,,,0,0,1,微博网页版,,,,,,{}
4824435625035708,蒙味始觉,https://weibo.com/1175214510,黄V认证,https://weibo.com/1175214510/MafGil816,2022-10-14 11:35,#新冠后遗症覆盖范围广#10月13日，在国务院联防联控机制新闻发布会上，中国疾控中心流行病学首席专家吴尊友表示，新冠后遗症又叫新冠长期症状，世界卫生组织在2021年10月份给出的临床定义，新冠后遗症通常发生在感染新冠发病后的3个月内，可以是急性感染康复后出现某些新症状，或者原先急性感染期某些症状持续存在，症状至少持续2个月，可以反复发生，并且无法由其他诊断来解释。#新冠后遗症可持续数周数月甚至更长时间#根据全球研究结果，新冠后遗症覆盖范围较广的健康问题，包括乏力或疲倦、思维困难或不能集中精力、呼吸急促或困难、头痛、头晕、心跳加速、胸口疼痛、咳嗽、关节或肌肉疼痛、抑郁或焦虑、发热、嗅觉或味觉丧失等等。这些症状可以持续数周、数月甚至更长时间。,,,,0,0,0,nova7SE 5G你在焦点在,,,,,,{}
4824435724914481,安顺消防,https://weibo.com/3685320874,蓝V认证,https://weibo.com/3685320874/MafGskCtP,2022-10-14 11:36,【吴尊友：#新冠后遗症覆盖范围广# 症状可持续数周、数月甚至更长时间】10月13日，在国务院联防联控机制新闻发布会上，中国疾控中心流行病学首席专家吴尊友表示，新冠后遗症又叫新冠长期症状，世界卫生组织在2021年10月份给出的临床定义，新冠后遗症通常发生在感染新冠发病后的3个月内，可以是急性感染康复后出现某些新症状，或者原先急性感染期某些症状持续存在，症状至少持续2个月，可以反复发生，并且无法由其他诊断来解释。#新冠后遗症可持续数周数月甚至更长时间# L新京报经济新闻的微博视频,,https://video.weibo.com/show?fid=1034:4824165765808179,"https://f.video.weibocdn.com/u0/ijpPCH2Igx07ZXg2CnbW010412003eID0E010.mp4?label=mp4_720p&template=720x1280.24.0&ori=0&ps=1BVp4ysnknHVZu&Expires=1708161237&ssig=XP%2FkFm5hNr&KID=unistore,video",0,1,0,iPhone客户端,,,,,,{}
4824443517667966,天啊到底能起啥名字才能用,https://weibo.com/5908068397,没有认证,https://weibo.com/5908068397/MafT1waMS,2022-10-14 12:07,#新冠后遗症覆盖范围广#滚吧,,,,0,0,0,iPhone客户端,,,,,,{}
4824444696006751,昆明官渡发布,https://weibo.com/3840904562,蓝V认证,https://weibo.com/3840904562/MafUVpcD5,2022-10-14 12:11,【吴尊友：#新冠后遗症覆盖范围广# 症状可持续数周、数月甚至更长时间】10月13日，在国务院联防联控机制新闻发布会上，中国疾控中心流行病学首席专家吴尊友表示，新冠后遗症又叫新冠长期症状，世界卫生组织在2021年10月份给出的临床定义，新冠后遗症通常发生在感染新冠发病后的3个月内，可以是急性感染康复后出现某些新症状，或者原先急性感染期某些症状持续存在，症状至少持续2个月，可以反复发生，并且无法由其他诊断来解释。#新冠后遗症可持续数周数月甚至更长时间# （新京报经济新闻）L新京报经济新闻的微博视频,,https://video.weibo.com/show?fid=1034:4824165765808179,"https://f.video.weibocdn.com/u0/ijpPCH2Igx07ZXg2CnbW010412003eID0E010.mp4?label=mp4_720p&template=720x1280.24.0&ori=0&ps=1BVp4ysnknHVZu&Expires=1708161235&ssig=5mEo9daMs2&KID=unistore,video",1,2,2,iPhone客户端,,,,,,{}
4824444713043724,绍兴公安,https://weibo.com/2695499562,蓝V认证,https://weibo.com/2695499562/MafUXcLOk,2022-10-14 12:11,【吴尊友：#新冠后遗症覆盖范围广# 症状可持续数周、数月甚至更长时间】10月13日，在国务院联防联控机制新闻发布会上，中国疾控中心流行病学首席专家吴尊友表示，新冠后遗症又叫新冠长期症状，世界卫生组织在2021年10月份给出的临床定义，新冠后遗症通常发生在感染新冠发病后的3个月内，可以是急性感染康复后出现某些新症状，或者原先急性感染期某些症状持续存在，症状至少持续2个月，可以反复发生，并且无法由其他诊断来解释。#新冠后遗症可持续数周数月甚至更长时间#根据全球研究结果，新冠后遗症覆盖范围较广的健康问题，包括乏力或疲倦、思维困难或不能集中精力、呼吸急促或困难、头痛、头晕、心跳加速、胸口疼痛、咳嗽、关节或肌肉疼痛、抑郁或焦虑、发热、嗅觉或味觉丧失等等。这些症状可以持续数周、数月甚至更长时间。新冠后遗症常见于重症病例，但也可以发生在轻症病例。接种过疫苗的人，感染新冠后患后遗症的风险要低于那些没有接种过疫苗的人。吴尊友表示，预防新冠后遗症最好的方法就是预防新冠病毒感染。（央视）,https://wx4.sinaimg.cn/large/a0aa0f2agy1h74oxmiresj20u022ntos.jpg,,,1,26,23,iPhone 12 Pro Max,,,,,,{}
4824448405081053,马乙東风,https://weibo.com/1914686255,没有认证,https://weibo.com/1914686255/Mag0UljOt,2022-10-14 12:26,#新冠后遗症可持续数周数月甚至更长时间#吴尊友老师的这篇论调和最新苏格兰一项追踪10万人（3.3万感染者，6.3万为感染者）后续状况，并发表于《Nature Communications》的结论有相似之处，症状也是文章所指出。但是自媒体没有提研究的几个变量：感染的时间：后遗症大部分发于早期感染COVID-19病毒株的人群中，而非全部是现在的传播性强但重症状减弱的Omicron病毒株；疫苗的介入：追踪研究发现随着疫苗问世，接种一针疫苗的人明显减少或消除了后遗症；有症状感染者还是无症状感染者：数据并未发现无症状感染者存在长期问题的风险；后遗症的消退时间：有13%的人表示随着时间推移，他们的不适感退化了；研究对照组：这项研究除了追踪3.3万感染者，也长期追踪6.3万从未感染过的人，其中未感染者中1/5-1/3也表示自己也感觉自己具有“后遗症的某些症状”；最重要的是，这篇研究文章的立意不是让人恐惧病毒“它太可怕了，难以战胜。一旦感染你就完蛋了。”而是增加大家对病毒的科学了解，呼吁卫生系统、医院协同与社会各个方面对感染者给予工作、劳动、生活、健康的支持，消除歧视，维序科学有爱的社会生活。#新冠后遗症##新冠后遗症覆盖范围广#,,,,0,0,0,iPhone客户端,,,,,,{}
4824478473784718,萌宠秀2020,https://weibo.com/1657409850,黄V认证,https://weibo.com/1657409850/MagNpfSzQ,2022-10-14 14:26,#新冠后遗症可持续数月或更长时间# 接种疫苗的人，得后遗症的风险要远远小于没接种疫苗的人。所以还是要及时接种新冠疫苗。其实一直担心的就是这个后遗症，每个个体身体素质或者基础病不一样，这个后遗症感觉就像开盲盒，是什么后遗症会到什么程度什么时候会自愈都没法预测！真的不要轻视，症状再轻也是病毒感染，会攻击其他器官还有脑部神经什么的。家里人就是得过之后因为病毒感染导致了甲状腺炎！#新冠后遗症覆盖范围广#,https://wx1.sinaimg.cn/large/62ca113aly1h74st2ok4hj20u00jpk2t.jpg https://wx2.sinaimg.cn/large/62ca113aly1h74st30r6tj21hc0u01kx.jpg https://wx4.sinaimg.cn/large/62ca113aly1h74st39vxsj20u00k0n81.jpg,,,0,1,1,微博网页版,,,,,,{}
4824480595057322,邪不压正_长寿康宁,https://weibo.com/5873327589,蓝V认证,https://weibo.com/5873327589/MagQPldDI,2022-10-14 14:34,吴尊友：#新冠后遗症覆盖范围广# 症状可持续数周、数月甚至更长时间转发原文：【吴尊友：#新冠后遗症覆盖范围广# 症状可持续数周、数月甚至更长时间】10月13日，在国务院联防联控机制新闻发布会上，中国疾控中心流行病学首席专家吴尊友表示，新冠后遗症又叫新冠长期症状，世界卫生组织在2021年10月份给出的临床定义，新冠后遗症通常发生在感染新冠发病后的3个月内，可以是急   展开c,,https://video.weibo.com/show?fid=1034:4824165765808179,"https://f.video.weibocdn.com/u0/ijpPCH2Igx07ZXg2CnbW010412003eID0E010.mp4?label=mp4_720p&template=720x1280.24.0&ori=0&ps=1BVp4ysnknHVZu&Expires=1708161235&ssig=5mEo9daMs2&KID=unistore,video",0,0,0,微博网页版,,,,上海反邪教,【吴尊友：#新冠后遗症覆盖范围广# 症状可持续数周、数月甚至更长时间】10月13日，在国务院联防联控机制新闻发布会上，中国疾控中心流行病学首席专家吴尊友表示，新冠后遗症又叫新冠长期症状，世界卫生组织在2021年10月份给出的临床定义，新冠后遗症通常发生在感染新冠发病后的3个月内，可以是急 ​  展开c,"{""origin_user_name"": ""上海反邪教"", ""origin_user_link"": ""https://weibo.com/u/5094103156"", ""origin_user_verify_typ"": ""蓝V认证"", ""origin_weibo_content"": ""【吴尊友：#新冠后遗症覆盖范围广# 症状可持续数周、数月甚至更长时间】10月13日，在国务院联防联控机制新闻发布会上，中国疾控中心流行病学首席专家吴尊友表示，新冠后遗症又叫新冠长期症状，世界卫生组织在2021年10月份给出的临床定义，新冠后遗症通常发生在感染新冠发病后的3个月内，可以是急   展开c"", ""origin_weibo_link"": ""https://weibo.com//weibo.com/5094103156/MaePcdfFq?refer_flag=1001030103_"", ""origin_weibo_publish_time"": ""2022-10-14 09:25"", ""origin_source"": ""微博视频号"", ""origin_repost_cnt"": ""4"", ""origin_comment_cnt"": ""3"", ""origin_like_cnt"": ""5"", ""origin_weibo_image_urls"": """"}"
4824493057642229,张家港融媒,https://weibo.com/7754240978,蓝V认证,https://weibo.com/7754240978/MahaVw45L,2022-10-14 15:24,【吴尊友：#新冠后遗症覆盖范围广# 症状可持续数周、数月甚至更长时间】10月13日，在国务院联防联控机制新闻发布会上，中国疾控中心流行病学首席专家吴尊友表示，新冠后遗症又叫新冠长期症状，世界卫生组织在2021年10月份给出的临床定义，新冠后遗症通常发生在感染新冠发病后的3个月内，可以是急性感染康复后出现某些新症状，或者原先急性感染期某些症状持续存在，症状至少持续2个月，可以反复发生，并且无法由其他诊断来解释。#新冠后遗症可持续数周数月甚至更长时间#L新京报经济新闻的微博视频,,https://video.weibo.com/show?fid=1034:4824165765808179,"https://f.video.weibocdn.com/u0/ijpPCH2Igx07ZXg2CnbW010412003eID0E010.mp4?label=mp4_720p&template=720x1280.24.0&ori=0&ps=1BVp4ysnknHVZu&Expires=1708161235&ssig=5mEo9daMs2&KID=unistore,video",0,0,0,微博视频号,,,,,,{}
4824503856924021,SONGZHAOAIYS,https://weibo.com/1808131535,黄V认证,https://weibo.com/1808131535/Mahslt3fL,2022-10-14 16:06,萬物皆彈窗#新冠后遗症覆盖范围广#不好好練琴的一律彈窗@SONGZHAOAIYS 2安庆·康熙河风景区,https://wx4.sinaimg.cn/large/6bc5e5cfly1h74vorwvxjj21wn2u71ky.jpg,,,0,1,7,iPhone 7(腦殘粉),https://weibo.com/p/100101B2094251D36DA0FC499D,安庆·康熙河风景区,,,,{}
4824506159857782,昆明国家高新区发布,https://weibo.com/3806438281,蓝V认证,https://weibo.com/3806438281/Mahw3Fmsu,2022-10-14 16:16,【吴尊友：#新冠后遗症覆盖范围广# 症状可持续数周、数月甚至更长时间】10月13日，在国务院联防联控机制新闻发布会上，中国疾控中心流行病学首席专家吴尊友表示，新冠后遗症又叫新冠长期症状，世界卫生组织在2021年10月份给出的临床定义，新冠后遗症通常发生在感染新冠发病后的3个月内，可以是急性感染康复后出现某些新症状，或者原先急性感染期某些症状持续存在，症状至少持续2个月，可以反复发生，并且无法由其他诊断来解释。#新冠后遗症可持续数周数月甚至更长时间# （新京报经济新闻）L新京报经济新闻的微博视频,,https://video.weibo.com/show?fid=1034:4824165765808179,"https://f.video.weibocdn.com/u0/ijpPCH2Igx07ZXg2CnbW010412003eID0E010.mp4?label=mp4_720p&template=720x1280.24.0&ori=0&ps=1BVp4ysnknHVZu&Expires=1708161235&ssig=5mEo9daMs2&KID=unistore,video",0,0,0,微博视频号,,,,,,{}
4824510164899454,百色反邪,https://weibo.com/5933670612,蓝V认证,https://weibo.com/5933670612/MahCwkyzs,2022-10-14 16:32,【吴尊友：#新冠后遗症覆盖范围广# 症状可持续数周、数月甚至更长时间】10月13日，在国务院联防联控机制新闻发布会上，中国疾控中心流行病学首席专家吴尊友表示，新冠后遗症又叫新冠长期症状，世界卫生组织在2021年10月份给出的临床定义，新冠后遗症通常发生在感染新冠发病后的3个月内，可以是急性感染康复后出现某些新症状，或者原先急性感染期某些症状持续存在，症状至少持续2个月，可以反复发生，并且无法由其他诊断来解释。#新冠后遗症可持续数周数月甚至更长时间# L新京报经济新闻的微博视频,,https://video.weibo.com/show?fid=1034:4824165765808179,"https://f.video.weibocdn.com/u0/ijpPCH2Igx07ZXg2CnbW010412003eID0E010.mp4?label=mp4_720p&template=720x1280.24.0&ori=0&ps=1BVp4ysnknHVZu&Expires=1708161235&ssig=5mEo9daMs2&KID=unistore,video",1,0,0,微博视频号,,,,,,{}
4824512044468780,Mademoiselle豌豆俱,https://weibo.com/5807225375,没有认证,https://weibo.com/5807225375/MahFyiKx6,2022-10-14 16:39,【吴尊友：#新冠后遗症覆盖范围广# 症状可持续数周、数月甚至更长时间】10月13日，在国务院联防联控机制新闻发布会上，中国疾控中心流行病学首席专家吴尊友表示，新冠后遗症又叫新冠长期症状，世界卫生组织在2021年10月份给出的临床定义，新冠后遗症通常发生在感染新冠发病后的3个月内，可以是急性感染康复后出现某些新症状，或者原先急性感染期某些症状持续存在，症状至少持续2个月，可以反复发生，并且无法由其他诊断来解释。#新冠后遗症可持续数周数月甚至更长时间# L新京报经济新闻的微博视频,,https://video.weibo.com/show?fid=1034:4824165765808179,"https://f.video.weibocdn.com/u0/ijpPCH2Igx07ZXg2CnbW010412003eID0E010.mp4?label=mp4_720p&template=720x1280.24.0&ori=0&ps=1BVp4ysnknHVZu&Expires=1708161234&ssig=rwLHny6gFe&KID=unistore,video",0,0,0,iPhone客户端,,,,,,{}
4824520919092929,大牦哥,https://weibo.com/5768516856,没有认证,https://weibo.com/5768516856/MahTRC9u9,2022-10-14 17:14,#新冠后遗症覆盖范围广#覆盖范围广？？？是不是把新冠好了以后得的病都归为后遗症，所以才范围广。,,,,0,2,7,HUAWEI P40 Pro 5G,,,,,,{}
4824533205254825,奇荒,https://weibo.com/1649380687,黄V认证,https://weibo.com/1649380687/MaidGm31f,2022-10-14 18:03,终不是那八面玲珑的女子，讨不广那四海八荒的喜，只落得围一炉寂静的烟火，与独处相安，与万事言合。以文字，以音乐，以花香浅草，以温暖纯良，做一个温暖的人，不卑不亢，清澈善良。—— 杨绛先生 #年轻人该如何预防脱发##新冠后遗症覆盖范围广#,,,,0,0,0,HUAWEI Mate 40E,,,,,,{}
4824618525525239,奇荒,https://weibo.com/1649380687,黄V认证,https://weibo.com/1649380687/MakrinbmL,2022-10-14 23:42,世人千万种，各有各的活法，各有各的标准，总是盯着别人的人生，终究走不好自己的路。——杨绛 #鸿儒计划##新冠后遗症覆盖范围广#,,,,0,0,0,HUAWEI Mate 40E,,,,,,{}
4824631264151987,奇荒,https://weibo.com/1649380687,黄V认证,https://weibo.com/1649380687/MakLQhq7x,2022-10-15 00:33,感觉咋样啊？没意思#秒拍##新冠后遗症覆盖范围广#,,,,0,1,1,HUAWEI Mate 40E,,,,,,{}
4824633864619077,奇荒,https://weibo.com/1649380687,黄V认证,https://weibo.com/1649380687/MakQ2jnDf,2022-10-15 00:43,很多时候，不是你不够好，而是没遇到对的人......欣赏你的人，你怎么做都好，厌恶你的人，你怎么做都错;在乎你的人，你怎么样都好，讨厌你的人，你哪里都不好#网购平台应该如何适老化##新冠后遗症覆盖范围广#,,,,0,0,0,HUAWEI Mate 40E,,,,,,{}
4824636057979670,奇荒,https://weibo.com/1649380687,黄V认证,https://weibo.com/1649380687/MakTzxtSm,2022-10-15 00:52,列夫·托尔斯泰说： “全部教育，或者说千分之九百九十九的教育都要归结到榜样上，归结到父母自己生活的端正和完善上。”聪明的父母，都懂得用优秀的榜样、正确的方式方法，把孩子拉回正轨，让孩子走在对的人生道路上。许慎icon在《说文解字》中，把“教育”分为“教”和“育”。一个孩子的成长，既离不开老师与学校的“教书”，也离不开父母与家庭的“育人”。父母以身作则，言出必行，胜过无数句大道理。#新冠后遗症覆盖范围广##鸿儒计划#,,,,0,0,0,HUAWEI Mate 40E,,,,,,{}
4824647030014659,奇荒,https://weibo.com/1649380687,黄V认证,https://weibo.com/1649380687/Malbh03Or,2022-10-15 01:35,所谓通往梦想的人生之路，不过就是在柴米油盐的庸常琐事生活中，自己独守的一份执着，坚持保留自己的一片天地。——摩西奶奶《人生只有一次，去做喜欢的事》 #新冠后遗症覆盖范围广##免费顺风车#,,,,0,0,0,HUAWEI Mate 40E,,,,,,{}
4824647327024448,奇荒,https://weibo.com/1649380687,黄V认证,https://weibo.com/1649380687/MalbKttny,2022-10-15 01:37,工资是发给日常工作的人，高薪是发给承担责任的人，奖金是发给做出成绩的人，股权是分给能干忠诚的人，荣誉是颁给有理想抱负的人，辞退信将送给没结果还耍个性的人，这里一定有个你。内心想成为什么样的人，就会努力成为这样的人，做你想做的那种人。 #新冠后遗症覆盖范围广##年轻人该如何预防脱发#,,,,0,0,2,HUAWEI Mate 40E,,,,,,{}
4824689022861377,奇荒,https://weibo.com/1649380687,黄V认证,https://weibo.com/1649380687/Mamh0c0nf,2022-10-15 04:22,每件小事都尽心尽力而为，这就是成功的秘诀。 #年轻人该如何预防脱发##新冠后遗症覆盖范围广#,,,,0,0,0,HUAWEI Mate 40E,,,,,,{}
4824689132437913,奇荒,https://weibo.com/1649380687,黄V认证,https://weibo.com/1649380687/Mamhbaedb,2022-10-15 04:23,奇怪得很，人们在倒霉的时候，总会清晰地回忆已经逝去的快乐时光，但是在得意的时候，对厄运时光只保有一种淡漠而不完全的记忆。——叔本华 #新冠后遗症覆盖范围广##白头发还能再变黑吗#,,,,0,0,0,HUAWEI Mate 40E,,,,,,{}
4824689623695705,奇荒,https://weibo.com/1649380687,黄V认证,https://weibo.com/1649380687/MamhYfvq9,2022-10-15 04:25,人生有三恨：鲥鱼多刺、海棠无香、红楼未完。——张爱玲 #年轻人该如何预防脱发##新冠后遗症覆盖范围广#,,,,0,0,0,HUAWEI Mate 40E,,,,,,{}
4824726399353329,蒙味始觉,https://weibo.com/1175214510,黄V认证,https://weibo.com/1175214510/ManfhDfe9,2022-10-15 06:51,转载文汇报，以下内容是繁体字。世衞組織總幹事譚德塞11日警告，「長新冠」已經演變成全球「具破壞性」的危機，各國應該立即採取行動應對。目前新冠肺炎在全球已導致近650萬人死亡，超過6億人確診。世衞組織估計，約有10%到20%的確診者在痊癒後，仍有疲勞、呼吸困難、認知障礙等長期症狀；女性更容易有「長新冠」症狀。有研究指出，僅在歐洲，經歷「長新冠」症狀的人就多達1700萬。#新冠后遗症覆盖范围广#,https://wx1.sinaimg.cn/large/460c59aegy1h75l9bowr0j20dw0bygmt.jpg https://wx3.sinaimg.cn/large/460c59aegy1h75l9c2bdjj20f30awwgo.jpg,,,0,0,0,nova7SE 5G你在焦点在,,,,,,{}
4824773694326063,奇荒,https://weibo.com/1649380687,黄V认证,https://weibo.com/1649380687/Maotzi9pd,2022-10-15 09:59,真理是它自己和虚伪的试金石#年轻人该如何预防脱发##新冠后遗症覆盖范围广#,,,,0,0,0,HUAWEI Mate 40E,,,,,,{}
4824773882548805,奇荒,https://weibo.com/1649380687,黄V认证,https://weibo.com/1649380687/MaotSaH3L,2022-10-15 09:59,#男子心跳停1小时医生持续抢救成功#贾平凹在《暂坐》中写道：“花不语，风却懂。有些人来了去了，有些人近了远了。你看匆匆又是一年秋，岁月不堪数，故人不如初。不过在这人间暂坐，却要经历万千沧桑。”#世界读书日##新冠后遗症覆盖范围广#,,,,0,0,0,HUAWEI Mate 40E,,,,,,{}
4824775366805363,奇荒,https://weibo.com/1649380687,黄V认证,https://weibo.com/1649380687/MaowgsynV,2022-10-15 10:05,思想、观念、意识的生产最初是直接与人们的物质活动，与人们的物质交往，与现实生活的语言交织在一起的。人们的想象、思维、精神交往在这里还是人们物质行动的直接产物。表现在某一民族的政治、法律、道德、宗教、形而上学等的语言中的精神生产也是这样。人们是自己的观念、思想等等的生产者，但这里所说的人们是现实的、从事活动的人们，他们受自己的生产力和与之相适应的交往的一定发展———直到交往的最遥远的形态———所制约。意识在任何时候都只能是被意识到了的存在，而人们的存在就是他们的现实生活过程。如果在全部意识形态中，人们和他们的关系就像在照相机中一样是倒立成像的，那么这种现象也是从人们生活的历史过程中产生的，正如物体在视网膜上的倒影是直接从人们生活的生理过程中产生的一样#新冠后遗症覆盖范围广##鸿儒计划#,,,,0,0,1,HUAWEI Mate 40E,,,,,,{}
4824775551357774,奇荒,https://weibo.com/1649380687,黄V认证,https://weibo.com/1649380687/Maowz5HdA,2022-10-15 10:06,德国哲学从天国降到人间;和它完全相反，这里我们是从人间升到天国。这就是说，我们不是从人们所说的、所设想的、所想象的东西出发，也不是从口头说的、思考出来的、设想出来的、想象出来的人出发，去理解有血有肉的人。我们的出发点是从事实际活动的人，而且从他们的现实生活过程中还可以描绘出这一生活过程在意识形态上的反射和反响的发展。甚至人们头脑中的模糊幻想也是他们的可以通过经验来确认的、与物质前提相联系的物质生活过程的必然升华物。因此，道德、宗教、形而上学和其他意识形态，以及与它们相适应的意识形式便不再保留独立性的外观了。它们没有历史，没有发展，而发展着自己的物质生产和物质交往的人们，在改变自己的这个现实的同时也改变着自己的思维和思维的产物。不是意识决定生活，而是生活决定意识。#新冠后遗症覆盖范围广##男子心跳停1小时医生持续抢救成功#,,,,0,0,0,HUAWEI Mate 40E,,,,,,{}
4824871936985876,奇荒,https://weibo.com/1649380687,黄V认证,https://weibo.com/1649380687/Mar21tjlq,2022-10-15 16:29,生活就是由啜泣、抽噎和微笑三者组成的，而抽噎总占优势。——欧·亨利 #男子心跳停1小时医生持续抢救成功##新冠后遗症覆盖范围广#,,,,0,0,0,微博网页版,,,,,,{}
4824892874167146,奇荒,https://weibo.com/1649380687,黄V认证,https://weibo.com/1649380687/MarzNhu42,2022-10-15 17:52,专注做好眼前事，是破解一切苦难最好的办法。这个事首先是你事业的事。把你手头上该做的事情做好，例如该写文章就写文章，该画PPT就画PPT，该拓客就去拓客，该守店就守店，该修车就修车，该写程序就写程序，该接外卖就接外卖……你不要管未来会怎么样，就把自己手头的事尽心尽力地做好就行。之所以要专注眼前的事，一方面是因为你未来过得怎么样，并不取决于你心里是否痛苦焦虑，而取决于你现在的事有没有做好。只有你把手头的一件一件事都做好了，你的未来才能真正脱离目前这种艰难的困境。而且，当你专注在眼前的时候，你就没有心思去痛苦焦虑了，你只会感觉到充实。#十一假期你准备安排哪些活动##新冠后遗症覆盖范围广#,,,,0,0,2,HUAWEI Mate 40E,,,,,,{}
4825378558312796,盏心冯文亮,https://weibo.com/1151434980,黄V认证,https://weibo.com/1151434980/MaEd9ySxm,2022-10-17 02:02,#新冠后遗症覆盖范围广#【吴尊友：#新冠后遗症覆盖范围广# 症状可持续数周、数月甚至更长时间】10月13日，在国务院联防联控机制新闻发布会上，中国疾控中心流行病学首席专家吴尊友表示，新冠后遗症又叫新冠长期症状，世界卫生组织在2021年10月份给出的临床定义，新冠后遗症通常发生在感染新冠发病后的3个月内，可以是急性感染康复后出现某些新症状，或者原先急性感染期某些症状持续存在，症状至少持续2个月，可以反复发生，并且无法由其他诊断来解释。#新冠后遗症可持续数周数月甚至更长时间# L新京报经济新闻的微博视频,,https://video.weibo.com/show?fid=1034:4824165765808179,"https://f.video.weibocdn.com/u0/ijpPCH2Igx07ZXg2CnbW010412003eID0E010.mp4?label=mp4_720p&template=720x1280.24.0&ori=0&ps=1BVp4ysnknHVZu&Expires=1708161254&ssig=%2BLQ5maMkgJ&KID=unistore,video",2,0,4,今日热榜HarmonyOS设备,,,,,,{}
4825408467894379,山西路家庄,https://weibo.com/6465748610,蓝V认证,https://weibo.com/6465748610/MaEZox7GH,2022-10-17 04:01,#新冠后遗症覆盖范围广#【吴尊友：#新冠后遗症覆盖范围广# 症状可持续数周、数月甚至更长时间】10月13日，在国务院联防联控机制新闻发布会上，中国疾控中心流行病学首席专家吴尊友表示，新冠后遗症又叫新冠长期症状，世界卫生组织在2021年10月份给出的临床定义，新冠后遗症通常发生在感染新冠发病后的3个月内，可以是急性感染康复后出现某些新症状，或者原先急性感染期某些症状持续存在，症状至少持续2个月，可以反复发生，并且无法由其他诊断来解释。#新冠后遗症可持续数周数月甚至更长时间##小村分享#  L新京报经济新闻的微博视频,,https://video.weibo.com/show?fid=1034:4824165765808179,"https://f.video.weibocdn.com/u0/ijpPCH2Igx07ZXg2CnbW010412003eID0E010.mp4?label=mp4_720p&template=720x1280.24.0&ori=0&ps=1BVp4ysnknHVZu&Expires=1708161254&ssig=%2BLQ5maMkgJ&KID=unistore,video",0,0,0,微博视频号,,,,,,{}
4825550105612098,奇荒,https://weibo.com/1649380687,黄V认证,https://weibo.com/1649380687/MaIFQnxXI,2022-10-17 13:24,#新冠后遗症覆盖范围广#【吴尊友：#新冠后遗症覆盖范围广# 症状可持续数周、数月甚至更长时间】10月13日，在国务院联防联控机制新闻发布会上，中国疾控中心流行病学首席专家吴尊友表示，新冠后遗症又叫新冠长期症状，世界卫生组织在2021年10月份给出的临床定义，新冠后遗症通常发生在感染新冠发病后的3个月内，可以是急性感染康复后出现某些新症状，或者原先急性感染期某些症状持续存在，症状至少持续2个月，可以反复发生，并且无法由其他诊断来解释。#新冠后遗症可持续数周数月甚至更长时间# L新京报经济新闻的微博视频,,https://video.weibo.com/show?fid=1034:4824165765808179,"https://f.video.weibocdn.com/u0/ijpPCH2Igx07ZXg2CnbW010412003eID0E010.mp4?label=mp4_720p&template=720x1280.24.0&ori=0&ps=1BVp4ysnknHVZu&Expires=1708161254&ssig=%2BLQ5maMkgJ&KID=unistore,video",0,1,0,微博视频号,,,,,,{}
4825556308723663,奇荒,https://weibo.com/1649380687,黄V认证,https://weibo.com/1649380687/MaIPQABqf,2022-10-17 13:49,《宣言》指出：“社会所拥有的生产力已经不能再促进资产阶级文明和资产阶级所有制关系的发展；相反，生产力已经强大到这种关系所不能适应的地步，它已经受到这种关系的阻碍；而它一着手克服这种障碍，就使整个资产阶级社会陷入混乱，就使资产阶级所有制的存在受到威胁。资产阶级的关系已经太狭窄了，再容纳不了它本身所造成的财富了……资产阶级用来推翻封建制度的武器，现在却对准资产阶级自己了。”《宣言》研究现代社会发展时，既用资本逻辑来说明世界历史，又用世界历史来说明资本的生存、发展及其未来结果。这样的视野和方法，对于我们今天认识时代问题是非常重要的。#新冠后遗症覆盖范围广##年轻人有哪些花钱买自觉的行为#,,,,0,0,2,HUAWEI Mate 40E,,,,,,{}
4836079380730247,灰产圈_,https://weibo.com/2328007923,橙V认证,https://weibo.com/2328007923/Mf8Ay33Yb,2022-11-15 14:43,发布了头条文章：《新冠的谎言正在被戳穿？我们究竟被“骗”了多久？》 #新冠后遗症# #新冠后遗症可持续数周数月甚至更长时间# #新冠病毒最可怕的后遗症# #新冠肺炎治愈后是否有后遗症# #新冠肺炎治愈后还会不会有后遗症# #新冠后遗症像各种症状不同组合# #新冠后遗症覆盖范围广# #梅西谈新冠后遗症# #中国团队新冠后遗症研究# #yooa因新冠后遗症暂停活动# #新冠肺炎后遗症# #灰产圈#  O新冠的谎言正在被戳穿？我们究竟被“骗”了多久？,,,,0,0,2,微博 weibo.com,,,,,,{}
4841822972545631,雞毛反擊,https://weibo.com/7746163124,没有认证,https://weibo.com/7746163124/Mhy0paGez,2022-12-01 11:06,老人小孩后遗症，你们到底怎么回事啊🤓#新冠后遗症可持续数周数月甚至更长时间##新冠病毒最可怕的后遗症##新冠后遗症覆盖范围广##尚无证据表明感染新冠后会有后遗症#,https://wx1.sinaimg.cn/large/008se6SUgy1h8o4qsf7njj30ku0u9gsz.jpg,,,0,1,5,iPhone,,,,,,{}
4841853642083041,灰产圈_,https://weibo.com/2328007923,橙V认证,https://weibo.com/2328007923/MhyNS8JTr,2022-12-01 13:08,发布了头条文章：《香港病毒学家：奥密可戎并不可怕，有人故意在误导公众》 #金冬雁# #病毒学专家金冬雁谈奥密克戎# #奥密克戎# 奥密克戎 #奥密克戎致病力已大幅降低# #奥密克戎变异株2到3天传一代# #奥密克戎导致死亡人数超过德尔塔# #奥密克戎导致出现大量住院和死亡病例# #奥密克戎bf.7变异株已入华# #奥密克戎平均病死率是流感的7.5倍# #奥密克戎正以前所未有速度传播# #天津迎战奥密克戎# #奥密克戎病死率约为流感的7到8倍# #奥密克戎病亡率和流感相似是严重误导# #新冠后遗症# #新冠后遗症可持续数周数月甚至更长时间# #新冠肺炎治愈后是否有后遗症# #新冠后遗症像各种症状不同组合# #专家称目前无证据表明新冠有后遗症# #新冠病毒最可怕的后遗症# #新冠肺炎治愈后还会不会有后遗症# #新冠后遗症覆盖范围广# #梅西谈新冠后遗症# #中国团队新冠后遗症研究# #yooa因新冠后遗症暂停活动# #新冠肺炎后遗症# #灰产圈#  O香港病毒学家：奥密可戎并不可怕，有人故意在误导公众,,,,1,0,1,微博 weibo.com,,,,,,{}
4842589948484315,灰产圈_,https://weibo.com/2328007923,橙V认证,https://weibo.com/2328007923/MhRXszB9N,2022-12-03 13:54,发布了头条文章：《锦州市公开发文呼吁：疫情不能放开，再坚持坚持就可以清零了》 #新冠后遗症# #专家称目前无证据表明新冠有后遗症# #新冠后遗症可持续数周数月甚至更长时间# #新冠病毒最可怕的后遗症# #新冠肺炎治愈后是否有后遗症# #新冠肺炎治愈后还会不会有后遗症# #新冠后遗症像各种症状不同组合# #新冠后遗症覆盖范围广# #广州多区宣布解除疫情防控临时管控区# #武汉距离逐步解除疫情防控限制不会太远# #疫情解除前全国禁止野生动物交易# #广州番禺解除所有疫情防控临时管控区# #太快解除限制或致疫情致命反弹# #日本将全面解除新冠疫情紧急状态# #等待疫情解除的那一天# #日本将全面解除新冠疫情紧急状态# #重庆合川辟谣12月3日起解除疫情防控措施# #广州多区解除疫情防控临时管控区# #北京丰台解除全域疫情防范区# #日本将解除新冠疫情紧急状态# #重庆合川辟谣12月3日起解除疫情防控措施# #广州多区解除疫情防控临时管控区# #北京丰台解除全域疫情防范区# #因疫情完全交不起租金可解除合同# #特朗普希望4月上旬解除疫情限制令# #东京将解除疫情警报# #灰产圈#  O锦州市公开发文呼吁：疫情不能放开，再坚持坚持就可以清零了,,,,0,0,0,微博 weibo.com,,,,,,{}
4855238139315554,天津河北国泰医院,https://weibo.com/3095391801,蓝V认证,https://weibo.com/3095391801/MnaZLD5oS,2023-01-07 11:34,#张伯礼称绝大多数新冠后遗症可逆可恢复# 听听专家怎么说？张伯礼表示：出现一些转阴后持续症状，如咳嗽、乏力、心慌、盗汗等，一般不用过于慌张，2~4周，大部分人的症状是可逆可恢复的，真正不能恢复的是极少数。服用一些对症中药，可以改善症状，促进修复。这下你们可以放心了吧#科普小知识# #新冠后遗症可持续数周数月甚至更长时间# #新冠肺炎治愈后是否有后遗症# #新冠后遗症覆盖范围广# #科普大作战# #科普# #涨知识# 涨知识 #健康科普# #健康小知识# #健康# #健康养生#,,,,0,0,0,微博 weibo.com,,,,,,{}
4855241159217049,天津河北博大医院,https://weibo.com/6236972310,蓝V认证,https://weibo.com/6236972310/Mnb4DCFM5,2023-01-07 11:46,#张伯礼称绝大多数新冠后遗症可逆可恢复# 听听专家怎么说？张伯礼表示：出现一些转阴后持续症状，如咳嗽、乏力、心慌、盗汗等，一般不用过于慌张，2~4周，大部分人的症状是可逆可恢复的，真正不能恢复的是极少数。服用一些对症中药，可以改善症状，促进修复。这下你们可以放心了吧#科普小知识# #新冠后遗症可持续数周数月甚至更长时间# #新冠肺炎治愈后是否有后遗症# #新冠后遗症覆盖范围广# #科普大作战# #科普# #涨知识# 涨知识 #健康科普# #健康小知识# #健康# #健康养生#,,,,0,0,0,微博网页版,,,,,,{}
4856506271139957,郑小凡viki,https://weibo.com/1834359081,没有认证,https://weibo.com/1834359081/MnHZ94Myp,2023-01-10 23:33,#新冠后遗症覆盖范围广#  上个月这个时候新冠和大姨妈同一天来的 我的大姨妈每月都特别准 总要提前三四天 该来了还没来 好捉急…,,,,0,2,0,iPhone客户端,,,,,,{}
4886893533861138,高来益营养疗法,https://weibo.com/7457133347,蓝V认证,https://weibo.com/7457133347/MAsuRgcsq,2023-04-04 20:01,对许多美国人来说，漫长的新冠后遗症仍然是一场艰苦的战斗__新冠后遗症乏力多久能彻底恢复#新冠后遗症覆盖范围广#  O对许多美国人来说，漫长的新冠后遗症仍然是一场艰苦的战斗,,,,0,0,0,微博 weibo.com,,,,,,{}
4918692167552968,狗尾草2023,https://weibo.com/3959556273,没有认证,https://weibo.com/3959556273/N7QgEvGS4,2023-07-01 13:57,2年前的新冠后遗症自愈经历2年前的新冠后遗症自愈经历我是2021年5月在印度感染了德尔塔新冠病毒之后长达3个多月的严重的10多种新冠后遗症通过2个半月内不连续的54天无油盐素食和瑜伽我彻底自愈了新冠后遗症5月25日《美国医学会杂志》发布了如下12种新冠后遗症：嗅觉和味觉丧失、劳累后不适、慢性咳嗽、脑雾、口渴、心悸、胸痛、疲劳、XY改变、头晕、胃肠道问题、异常的动作和脱发我做了表格讲讲我的这12种症状的状况以及近况后遗症并不完全是新冠病毒引起的，是新冠病毒的进入JH了身体里潜在的问题这些问题可能是之前发生过的，可能是未来会发生的，可能是现在正在发生的，然后集中到现在爆发出来其实我的有些症状之前也有，只是没有影响到生活，比如吃完饭1-2小时会觉得困，随着年龄增长记忆力衰退等#新冠病毒最可怕的后遗症##我的健康生活##新冠肺炎还会与人类共存很长时间##我的自愈新生##新冠后遗症覆盖范围广#,https://wx1.sinaimg.cn/large/ec0208b1ly1hfhd3fk8psj20fv0auwjs.jpg https://wx2.sinaimg.cn/large/ec0208b1ly1hfhd3fjyu4j20fs09241w.jpg https://wx2.sinaimg.cn/large/ec0208b1ly1hfhd3fj4q9j20fv0a342c.jpg https://wx4.sinaimg.cn/large/ec0208b1ly1hfhd3fk7zjj20gb0ar0xb.jpg https://wx4.sinaimg.cn/large/ec0208b1ly1hfhd3fk98vj20fj0cbwix.jpg https://wx2.sinaimg.cn/large/ec0208b1ly1hfhd3fkq6dj20fv0argr5.jpg https://wx2.sinaimg.cn/large/ec0208b1ly1hfhd3fkq2ij20fp0buwk0.jpg,,,1,0,0,微博网页版,,,,,,{}
